,addr1,addr2,areacode,cat1,cat2,cat3,contentid,contenttypeid,createdtime,firstimage,firstimage2,cpyrhtDivCd,mapx,mapy,mlevel,modifiedtime,sigungucode,tel,title,zipcode
0,"50, 63-ro, Yeongdeungpo-gu, Seoul",,1,A02,A0205,A02050600,264122,76,20031229000750,http://tong.visitkorea.or.kr/cms/resource/86/2526386_image2_1.jpg,http://tong.visitkorea.or.kr/cms/resource/86/2526386_image2_1.jpg,Type3,126.9403285961,37.5198673186,6,20240305103526,20,+82-2-789-5663,63 Square (63스퀘어),07345
1,"20-1, Samil-daero 8-gil, Jung-gu, Seoul",,1,A02,A0203,A02030400,2590011,76,20190211220745,http://tong.visitkorea.or.kr/cms/resource/90/2589890_image2_1.bmp,http://tong.visitkorea.or.kr/cms/resource/90/2589890_image2_1.bmp,Type3,126.9901422899,37.5627326749,6,20210325201852,24,+82-10-8895-3368,A Moment in Time - Live Caricature & Gallery (시간을 담다),04553
2,"127, Walkerhill-ro, Gwangjin-gu, Seoul",,1,A01,A0101,A01010500,1747653,76,20121105190745,http://tong.visitkorea.or.kr/cms/resource/60/741860_image2_1.jpg,http://tong.visitkorea.or.kr/cms/resource/60/741860_image3_1.jpg,Type3,127.1012880282,37.5519609256,6,20210514223919,6,+82-2-450-1655,Achasan Ecological Park (아차산생태공원),04965
3,"Acheon-dong, Guri-si, Gyeonggi-do",,1,A01,A0101,A01010400,1349267,76,20110803231946,http://tong.visitkorea.or.kr/cms/resource/57/2661757_image2_1.jpg,http://tong.visitkorea.or.kr/cms/resource/57/2661757_image2_1.jpg,Type3,127.0998297997,37.5529441189,,20240307162428,6,+82-2-450-1655,Achasan Mountain (아차산),04948
4,"Gwangjang-dong, Gwangjin-gu, Seoul-si",,1,A02,A0201,A02010200,264196,76,20030109030209,http://tong.visitkorea.or.kr/cms/resource/23/741923_image2_1.jpg,http://tong.visitkorea.or.kr/cms/resource/23/741923_image3_1.jpg,Type3,127.1048709825,37.5538246631,6,20230405215603,6,+82-2-450-7593,Achasanseong Fortress (아차산성),04963
5,"7 Achasan-ro 11-gil, Seongdong-gu, Seoul",,1,A02,A0203,A02030400,3078774,76,20231216204931,,,,127.0590698587,37.5446026871,6,20240105150508,16,,Amore Seongsu (아모레 성수),04797
6,"21, Apgujeong-ro 29-gil, Gangnam-gu, Seoul",,1,A02,A0202,A02020300,1295190,76,20110601185512,,,,127.0276620598,37.5286678625,,20200327010352,1,+82-2-512-3067,AMORE Spa (아모레퍼시픽 스파),06005
7,"83-66, Seonsa-ro, Gangdong-gu, Seoul",,1,A01,A0101,A01010500,1131921,76,20101123003018,http://tong.visitkorea.or.kr/cms/resource/96/1894496_image2_1.jpg,http://tong.visitkorea.or.kr/cms/resource/96/1894496_image3_1.jpg,Type3,127.1222833943,37.5500170857,6,20170112192512,2,+82-2-3780-0501,Amsa Ecological Park (암사생태공원),05249
8,"Sinsa-dong, Gangnam-gu, Seoul",,1,A02,A0203,A02030600,264107,76,20021220020240,http://tong.visitkorea.or.kr/cms/resource/44/3109344_image2_1.JPG,http://tong.visitkorea.or.kr/cms/resource/44/3109344_image3_1.JPG,Type3,127.0388971983,37.5268766055,6,20240318115757,1,+82-2-3445-0111,Apgujeong Rodeo Street (압구정 로데오거리),06017
9,"17, 4.19-ro 8-gil, Gangbuk-gu, Seoul",,1,A02,A0201,A02010700,1348713,76,20110803005924,http://tong.visitkorea.or.kr/cms/resource/50/2025950_image2_1.jpg,http://tong.visitkorea.or.kr/cms/resource/50/2025950_image3_1.jpg,Type3,127.0091159038,37.6484480504,6,20230102143552,3,+82-2-996-0419,April 19th National Cemetery (국립4.19민주묘지),01009
10,"11-1, Baekbeom-ro, Mapo-gu, Seoul",,1,A02,A0202,A02020300,1965838,76,20141119014605,,,,126.9372751449,37.5535661260,,20170722000148,13,+82-2-711-1176,ARA Therapy (아라테라피),04101
11,"875, Olympic-ro, Gangdong-gu, Seoul",,1,A02,A0201,A02010700,264111,76,20021227002446,http://tong.visitkorea.or.kr/cms/resource/19/204019_image2_1.jpg,http://tong.visitkorea.or.kr/cms/resource/19/204019_image3_1.jpg,Type3,127.1309239757,37.5605132450,6,20210727015826,2,+82-2-3425-6520,"Archaeological Site in Amsa-dong, Seoul (서울 암사동 유적)",05239
12,"19-7 Bukchon-ro 5-gil, Jongno-gu, Seoul",,1,A02,A0203,A02030400,3091370,76,20231218132601,http://tong.visitkorea.or.kr/cms/resource/58/3072058_image2_1.jpg,http://tong.visitkorea.or.kr/cms/resource/58/3072058_image3_1.jpg,Type1,126.9842229188,37.5791917674,6,20240130170141,23,,Aromind (아로마인드),03060
13,"43, Bukchon-ro 5-gil, Jongno-gu, Seoul",,1,A02,A0203,A02030400,2373511,76,20160318222742,,,,126.9825258474,37.5793250547,6,20220915091340,23,+82-1666-1693,Artee Riders Club (아띠인력거),03061
14,"16, Bukchon-ro 7-gil, Jongno-gu, Seoul",,1,A02,A0201,A02010400,2543150,76,20180416234208,http://tong.visitkorea.or.kr/cms/resource/92/2481892_image2_1.jpg,http://tong.visitkorea.or.kr/cms/resource/92/2481892_image2_1.jpg,Type3,126.9840701194,37.5804416194,6,20220502155947,23,+82-2-724-0200,Baek In-je House (백인제가옥),03055
15,"Hoehyeon-dong, Jung-gu, Seoul",,1,A02,A0205,A02050400,3103090,76,20070115090000,,,,126.9798934455,37.5549250652,6,20240220162120,24,,Baekbeom Kim Koo Statue (Baekbeom Plaza) (백범김구선생상(백범 광장)),04636
16,"115, Buam-dong, Jongno-gu, Seoul",,1,A01,A0101,A01010900,1851871,76,20131017215429,http://tong.visitkorea.or.kr/cms/resource/14/1926514_image2_1.jpg,http://tong.visitkorea.or.kr/cms/resource/14/1926514_image3_1.jpg,Type3,126.9663489448,37.6004834158,6,20200831203534,23,+82-2-2148-1114,Baeksasilgyegok Valley (백사실계곡),"110-021,1"
17,"39, Namdaemun-ro, Jung-gu, Seoul",,1,A02,A0204,A02040800,2553836,76,20180717011338,http://tong.visitkorea.or.kr/cms/resource/55/1570555_image2_1.jpg,http://tong.visitkorea.or.kr/cms/resource/55/1570555_image3_1.jpg,Type3,126.9805348496,37.5621131302,6,20181025001530,24,,Bank of Korea Money Museum (한국은행 화폐박물관),04531
18,"350, Dongjak-daero, Seocho-gu, Seoul",,1,A02,A0205,A02050300,1011983,76,20100430002957,,,,126.9926825046,37.5076780054,6,20240517154949,15,+82-2-3780-0578,Banpo Bridge Rainbow Fountain (반포대교 달빛무지개분수),06500
19,"40, Sinbanpo-ro 11-gil, Seocho-gu, Seoul",,1,A02,A0202,A02020700,1013338,76,20100503221905,,,,126.9926825046,37.5076780054,6,20221216105652,15,+82-2-3780-0541,Banpo Hangang Park (반포한강공원),06500
20,"40, Sinbanpo-ro 11-gil, Seocho-gu, Seoul",,1,A01,A0101,A01011300,1747895,76,20121106004136,http://tong.visitkorea.or.kr/cms/resource/33/755633_image2_1.jpg,http://tong.visitkorea.or.kr/cms/resource/33/755633_image3_1.jpg,Type3,126.9926825046,37.5076780054,6,20180202200639,15,,Banpo Seoraeseom Island (반포 서래섬),06500
21,"16 Jandari-ro, Mapo-gu, Seoul",,1,A02,A0203,A02030400,3310836,76,20240617091121,http://tong.visitkorea.or.kr/cms/resource/35/3308535_image2_1.jpg,http://tong.visitkorea.or.kr/cms/resource/35/3308535_image3_1.jpg,Type3,126.9214794365,37.5509550360,6,20240618134209,13,,Beauty Play Hongdae (뷰티플레이 홍대점),04041
22,"73 Myeongdong-gil, Jung-gu, Seoul",,1,A04,A0401,A04010600,3058019,76,20230202205859,http://tong.visitkorea.or.kr/cms/resource/77/3055177_image2_1.jpg,http://tong.visitkorea.or.kr/cms/resource/77/3055177_image3_1.jpg,Type3,126.9863231484,37.5643240879,6,20240614165836,24,,Beauty Play Myeongdong (뷰티플레이 명동),04538
23,"Sinnae-ro 21-gil, Jungnang-gu, Seoul",,1,A01,A0101,A01010400,1684868,76,20120801230649,http://tong.visitkorea.or.kr/cms/resource/36/1894536_image2_1.jpg,http://tong.visitkorea.or.kr/cms/resource/36/1894536_image3_1.jpg,Type3,127.0866155277,37.6086568514,6,20220914100456,25,+82-2-2094-2353,Bonghwasan Mountain - Seoul (봉화산 (서울)),02041
24,"120, Bongwonsa-gil, Seodaemun-gu, Seoul",,1,A02,A0201,A02010800,1134541,76,20101126000937,http://tong.visitkorea.or.kr/cms/resource/05/2017905_image2_1.jpg,http://tong.visitkorea.or.kr/cms/resource/05/2017905_image3_1.jpg,Type3,126.9469959488,37.5723974448,6,20230313133950,14,+82-2-392-3007,Bongwonsa Temple (봉원사),03721
25,"33, Yeouidaebang-ro 20-gil, Dongjak-gu, Seoul",,1,A02,A0202,A02020700,997163,76,20100413201119,http://tong.visitkorea.or.kr/cms/resource/09/566009_image2_1.jpg,http://tong.visitkorea.or.kr/cms/resource/09/566009_image3_1.jpg,Type3,126.9231614728,37.4929729132,6,20210320005126,12,+82-2-120,Boramae Park (보라매공원),07062
26,"33, Yeouidaebang-ro 20-gil, Dongjak-gu, Seoul",,1,A02,A0203,A02030400,1865073,76,20131129005921,http://tong.visitkorea.or.kr/cms/resource/39/1095139_image2_1.jpg,http://tong.visitkorea.or.kr/cms/resource/39/1095139_image3_1.jpg,Type3,126.9172397911,37.4929339232,6,20200624195355,12,+82-2-2027-4100,Boramae Safety Experience Center (보라매안전체험관),07062
27,"54, Jong-ro, Jongno-gu, Seoul",,1,A02,A0201,A02010700,264135,76,20030103195456,http://tong.visitkorea.or.kr/cms/resource/24/566424_image2_1.jpg,http://tong.visitkorea.or.kr/cms/resource/24/566424_image3_1.jpg,Type3,126.9835760212,37.5698150675,6,20240304151006,23,+82-2-2133-2641,Bosingak Belfry (보신각 터),03189
28,"39-5, Daemyeong-gil, Jongno-gu, Seoul",,1,A02,A0202,A02020300,1373230,76,20110830001629,,,,126.9995741954,37.5827860694,4,20170721234720,23,+82-2-765-3374,Bourhill Esthetic (부르힐에스테틱),03078
29,"Buam-dong, Jongno-gu, Seoul",,1,A02,A0203,A02030400,1382366,76,20110908202217,http://tong.visitkorea.or.kr/cms/resource/19/3109519_image2_1.JPG,http://tong.visitkorea.or.kr/cms/resource/19/3109519_image3_1.JPG,Type3,126.9640854894,37.5924870824,6,20240315155635,23,+82-2-2148-1807,Buam-dong (부암동),03022
30,"267, Bugaksan-ro, Jongno-gu, Seoul",,1,A02,A0202,A02020700,1909500,76,20140331192146,http://tong.visitkorea.or.kr/cms/resource/32/2667332_image2_1.jpg,http://tong.visitkorea.or.kr/cms/resource/32/2667332_image3_1.jpg,Type3,126.9805670485,37.6020279352,6,20221226143601,23,+82-2-725-6602,Bugak Skyway Palgakjeong Pavilion (북악스카이 팔각정),03010
31,"Cheongun-dong, Jongno-gu, Seoul",,1,A01,A0101,A01010400,1061818,76,20100720014234,http://tong.visitkorea.or.kr/cms/resource/57/1394557_image2_1.jpg,http://tong.visitkorea.or.kr/cms/resource/57/1394557_image3_1.jpg,Type3,126.9665491417,37.5928898572,6,20240304144543,23,+82-2-765-0297,Bugaksan Mountain (북악산),03020
32,"37, Gyedong-gil, Jongno-gu, Seoul",,1,A02,A0201,A02010600,561382,76,20080520022823,http://tong.visitkorea.or.kr/cms/resource/06/2512006_image2_1.jpg,http://tong.visitkorea.or.kr/cms/resource/06/2512006_image3_1.jpg,Type3,126.9864254967,37.5791612548,6,20240517102533,23,+82-2-2148-4161,Bukchon Hanok Village (북촌한옥마을),03059
33,"262 Bogungmun-ro, Seongbuk-gu, Seoul",,1,A01,A0101,A01010100,1747593,76,20121105180812,http://tong.visitkorea.or.kr/cms/resource/45/2526645_image2_1.jpg,http://tong.visitkorea.or.kr/cms/resource/45/2526645_image2_1.jpg,Type3,126.9943263511,37.6215453578,6,20231026140619,17,+82-2-909-0497,Bukhansan National Park (Seoul District) (북한산국립공원(서울)),02700
34,"132-3 Seongbuk-ro 23-gil, Seongbuk-gu, Seoul",,1,A02,A0203,A02030100,3099765,76,20200630023540,,,,126.9910580174,37.5929152943,6,20240215152951,17,,Bukjeong Village (북정마을),02879
35,"22, Deongneung-ro 130ga-gil, Nowon-gu, Seoul",,1,A01,A0101,A01010400,2357787,76,20151230233034,http://tong.visitkorea.or.kr/cms/resource/86/739086_image2_1.jpg,http://tong.visitkorea.or.kr/cms/resource/86/739086_image3_1.jpg,Type3,127.0882468880,37.6725633390,6,20210423183228,9,+82-2-2116-3943,Buramsan Mountain (불암산),01642
36,"99, Yulgok-ro, Jongno-gu, Seoul",,1,A02,A0201,A02010300,2033085,76,20151009020532,http://tong.visitkorea.or.kr/cms/resource/01/1568301_image2_1.jpg,http://tong.visitkorea.or.kr/cms/resource/01/1568301_image3_1.jpg,Type3,126.9911806294,37.5787974932,6,20220829170703,23,+82-2-3668-2300,Changdeokgung Injeongmun Gate (창덕궁 인정문),03072
37,"99 Yulgok-ro, Jongno-gu, Seoul",,1,A02,A0201,A02010100,264348,76,20090929200743,http://tong.visitkorea.or.kr/cms/resource/84/2932684_image2_1.bmp,http://tong.visitkorea.or.kr/cms/resource/84/2932684_image3_1.bmp,Type3,126.9919888278,37.5809583673,6,20240604140751,23,,Changdeokgung Palace Complex [UNESCO World Heritage Site] (창덕궁과 후원 [유네스코 세계문화유산]),03072
38,"185, Changgyeonggung-ro, Jongno-gu, Seoul",,1,A02,A0201,A02010100,264350,76,20030109182105,,,,126.9938554166,37.5776782272,6,20221213171310,23,+82-2-762-4868,Changgyeonggung Palace (창경궁),03072
39,"99, Yulgok-ro, Jongno-gu, Seoul",,1,A02,A0201,A02010300,1991027,76,20150309195650,http://tong.visitkorea.or.kr/cms/resource/31/2616931_image2_1.jpg,http://tong.visitkorea.or.kr/cms/resource/31/2616931_image3_1.jpg,Type3,126.9938554166,37.5776782272,6,20210527025210,23,+82-2-762-4868,Changgyeonggung Palace Honghwamun Gate (창경궁 홍화문),03072
40,"118, Changuimun-ro, Jongno-gu, Seoul",,1,A02,A0201,A02010300,1035096,76,20100531222316,http://tong.visitkorea.or.kr/cms/resource/26/1570526_image2_1.jpg,http://tong.visitkorea.or.kr/cms/resource/26/1570526_image3_1.jpg,Type3,126.9665047068,37.5926982124,6,20200402010956,23,+82-2-2148-1822,Changuimun Gate - Jahamun Gate (창의문(자하문)),03020
41,"1, Cheongwadae-ro, Jongno-gu, Seoul",,1,A02,A0205,A02050600,264134,76,20030103195138,http://tong.visitkorea.or.kr/cms/resource/23/774323_image2_1.jpg,http://tong.visitkorea.or.kr/cms/resource/23/774323_image3_1.jpg,Type3,126.9746792089,37.5839799278,6,20230307143236,23,+82-2-1330,Cheong Wa Dae (Blue House) (청와대),03048
42,"20-8, Bulgwang-ro 10-gil, Eunpyeong-gu, Seoul",,1,A02,A0201,A02010800,1605017,76,20120418020642,http://tong.visitkorea.or.kr/cms/resource/08/2048008_image2_1.jpg,http://tong.visitkorea.or.kr/cms/resource/08/2048008_image3_1.jpg,Type3,126.9341958425,37.6173975381,6,20211012224409,22,+82-2-355-7430,Cheongansa Temple (천간사),03363
43,"Cheongdam-dong, Gangnam-gu, Seoul-si",,1,A02,A0203,A02030400,1389275,76,20110920221939,http://tong.visitkorea.or.kr/cms/resource/82/2728682_image2_1.jpg,http://tong.visitkorea.or.kr/cms/resource/82/2728682_image2_1.jpg,Type3,127.0457632671,37.5259073966,6,20220906134014,1,+82-2-3445-0111,Cheongdam Fashion Street (청담패션거리),06015
44,"26, Yeongdong-daero 131-gil, Gangnam-gu, Seoul",,1,A02,A0202,A02020700,1939670,76,20140807195239,http://tong.visitkorea.or.kr/cms/resource/00/204200_image2_1.jpg,http://tong.visitkorea.or.kr/cms/resource/00/204200_image3_1.jpg,Type3,127.0526683289,37.5211580726,6,20210730180026,1,+82-2-3423-6248,Cheongdam Park (청담공원),06073
45,"20 Jangchungdan-ro 13-gil, Jung-gu, Seoul",,1,A02,A0203,A02030600,3074203,76,20231207122813,http://tong.visitkorea.or.kr/cms/resource/32/3061932_image2_1.jpg,http://tong.visitkorea.or.kr/cms/resource/32/3061932_image3_1.jpg,Type1,127.0076821872,37.5687878415,6,20231222153901,24,,Cheonggyecheon Old Books Street (청계천헌책방거리),04563
46,"Changsin-dong, Jongno-gu, Seoul",,1,A02,A0202,A02020700,897540,76,20091215020805,http://tong.visitkorea.or.kr/cms/resource/90/2544890_image2_1.jpg,http://tong.visitkorea.or.kr/cms/resource/90/2544890_image3_1.jpg,Type3,127.0050907302,37.5697015781,6,20240516170805,24,+82-2-2290-7111,Cheonggyecheon Stream (청계천),04563
47,"Makgye-dong, Gwacheon-si, Gyeonggi-do",,1,A01,A0101,A01010400,822944,76,20091020012336,,,,127.0543676446,37.4416867721,6,20240320112624,15,+82-2-2155-6870,Cheonggyesan Mountain (청계산),06806
48,"702, Olympic-ro, Gangdong-gu, Seoul",,1,A02,A0202,A02020700,997266,76,20100413203118,http://tong.visitkorea.or.kr/cms/resource/06/1986006_image2_1.jpg,http://tong.visitkorea.or.kr/cms/resource/06/1986006_image3_1.jpg,Type3,127.1269358994,37.5447233407,6,20200318184152,2,+82-2-489-2776,Cheonho Park (천호공원),05324
49,"9, Seongbuk-ro 15-gil, Seongbuk-gu, Seoul",,1,A02,A0201,A02010400,1810712,76,20130510195854,http://tong.visitkorea.or.kr/cms/resource/18/2031918_image2_1.jpg,http://tong.visitkorea.or.kr/cms/resource/18/2031918_image3_1.jpg,Type3,127.0003849431,37.5929960083,6,20211221200347,17,+82-2-3675-3401,Choi Sunu House (최순우 옛집),02880
50,"164, Changdeokgung-gil, Jongno-gu, Seoul",,1,A02,A0201,A02010700,1438008,76,20111117000001,http://tong.visitkorea.or.kr/cms/resource/93/1985993_image2_1.jpg,http://tong.visitkorea.or.kr/cms/resource/93/1985993_image3_1.jpg,Type3,126.9868503170,37.5841440162,6,20191126222128,23,+82-2-742-1321,Choong Ang High School (중앙고등학교),03051
51,"46, Jeongdong-gil, Jung-gu, Seoul",,1,A02,A0201,A02010900,264635,76,20070822005759,http://tong.visitkorea.or.kr/cms/resource/49/1955149_image2_1.jpg,http://tong.visitkorea.or.kr/cms/resource/49/1955149_image3_1.jpg,Type3,126.9723466121,37.5654653714,6,20200625182203,24,+82-2-753-0001,Chungdong First Methodist Church (서울 정동교회),04516
52,"1, Tongil-ro, Jung-gu, Seoul",,1,A02,A0203,A02030400,1340416,76,20110725204226,http://tong.visitkorea.or.kr/cms/resource/32/1985332_image2_1.jpg,http://tong.visitkorea.or.kr/cms/resource/32/1985332_image3_1.jpg,Type3,126.9716025029,37.5560136788,6,20230811101848,24,,Culture Station Seoul 284 (문화역 서울 284),04509
53,"104, Daehak-ro, Jongno-gu, Seoul",,1,A02,A0203,A02030400,264317,76,20030109040302,http://tong.visitkorea.or.kr/cms/resource/86/1554786_image2_1.jpg,http://tong.visitkorea.or.kr/cms/resource/86/1554786_image3_1.jpg,Type3,127.0022045820,37.5802919622,6,20210325221134,23,+82-2-2148-1114,Daehangno (University Street) (대학로),03087
54,"139-26, Cheongpa-ro, Yongsan-gu, Seoul",,1,A02,A0201,A02010900,1935817,76,20140721194042,http://tong.visitkorea.or.kr/cms/resource/86/566486_image2_1.jpg,http://tong.visitkorea.or.kr/cms/resource/86/566486_image3_1.jpg,Type3,126.9669951674,37.5355770817,6,20200318005021,21,+82-2-711-0933,Danggogae Catholic Martyrs' Shrine (당고개순교성지),04368
55,"99, Gomisul-ro, Dongdaemun-gu, Seoul",,1,A04,A0401,A04010600,2035491,76,20151024021340,http://tong.visitkorea.or.kr/cms/resource/14/1917414_image2_1.jpg,http://tong.visitkorea.or.kr/cms/resource/14/1917414_image3_1.jpg,Type3,127.0575972141,37.5642059383,6,20200918234345,11,+82-2-2249-0336,Dapsimni Antique Art Street (답십리 고미술상가),02622
56,"99, Yulgok-ro, Jongno-gu, Seoul",,1,A01,A0101,A01010500,1751264,76,20121113204221,http://tong.visitkorea.or.kr/cms/resource/85/1568385_image2_1.jpg,http://tong.visitkorea.or.kr/cms/resource/85/1568385_image3_1.jpg,Type3,126.9892416983,37.5865076734,6,20200130195449,23,+82-2-3668-2300,Daraenamu Tree in Changdeokgung Palace (창덕궁 다래나무),03072
57,"99 Sejong-daero, Jung-gu, Seoul",,1,A02,A0201,A02010100,264316,76,20030109040234,http://tong.visitkorea.or.kr/cms/resource/05/3092905_image2_1.jpg,http://tong.visitkorea.or.kr/cms/resource/05/3092905_image3_1.jpg,Type1,126.9749296905,37.5661486714,6,20240619163950,24,+82-2-771-9951,Deoksugung Palace (덕수궁),04519
58,"99, Sejong-daero, Jung-gu, Seoul",,1,A02,A0201,A02010300,1942577,76,20140821025417,http://tong.visitkorea.or.kr/cms/resource/75/3108175_image2_1.JPG,http://tong.visitkorea.or.kr/cms/resource/75/3108175_image3_1.JPG,Type3,126.9749296905,37.5661486714,6,20240306171909,24,+82-2-771-9951,Deoksugung Palace's Daehanmun Gate (덕수궁 대한문),04519
59,"24, Sejong-daero 19-gil, Jung-gu, Seoul",,1,A02,A0203,A02030600,1748351,76,20121106202438,http://tong.visitkorea.or.kr/cms/resource/50/2658350_image2_1.jpg,http://tong.visitkorea.or.kr/cms/resource/50/2658350_image3_1.jpg,Type3,126.9748935853,37.5660820124,6,20240311180514,24,+82-2-120,Deoksugung Stone Wall Path (덕수궁 돌담길),04519
60,"396, World Cup buk-ro, Mapo-gu, Seoul",,1,A02,A0204,A02040800,2579399,76,20181218184920,http://tong.visitkorea.or.kr/cms/resource/70/2502570_image2_1.jpg,http://tong.visitkorea.or.kr/cms/resource/70/2502570_image2_1.jpg,Type3,126.8897676324,37.5795344793,6,20210201224623,13,+82-2-2132-1179,Digital Pavilion (디지털 파빌리온),03925
61,"Dobong-dong, Dobong-gu, Seoul",,1,A01,A0101,A01010400,1742421,76,20121029193822,http://tong.visitkorea.or.kr/cms/resource/65/1894465_image2_1.jpg,http://tong.visitkorea.or.kr/cms/resource/65/1894465_image3_1.jpg,Type3,127.0184192271,37.6969870145,6,20210629003223,10,+82-2-954-2566,Dobongsan Mountain (도봉산),01318
62,"37-7, Jongno 5(o)-ga, Jongno-gu, Seoul",,1,A02,A0203,A02030600,2590278,76,20190215221058,http://tong.visitkorea.or.kr/cms/resource/53/2601453_image2_1.jpg,http://tong.visitkorea.or.kr/cms/resource/53/2601453_image3_1.jpg,Type3,127.0058684191,37.5703487391,6,20240304155925,23,+82-2-2236-9135,Dongdaemun Dak Hanmari Alley (서울 동대문 닭한마리 골목),03197
63,"281, Eulji-ro, Jung-gu, Seoul",,1,A02,A0204,A02040800,2475097,76,20170112193908,,,,127.0099486810,37.5675991318,6,20240517145817,24,+82-2-2153-0000,Dongdaemun Design Plaza (동대문디자인플라자 (DDP)),04566
64,"281 Eulji-ro, Jung-gu, Seoul",,1,A02,A0202,A02020700,1924956,76,20140611182747,http://tong.visitkorea.or.kr/cms/resource/72/1897972_image2_1.jpg,http://tong.visitkorea.or.kr/cms/resource/72/1897972_image3_1.jpg,Type3,127.0101708978,37.5670686420,6,20240306164606,24,+82-2-2266-7188,Dongdaemun History & Culture Park (동대문역사문화공원),04566
65,"21-1, Jong-ro 52-gil, Jongno-gu, Seoul",,1,A02,A0203,A02030600,1241248,76,20110324222335,http://tong.visitkorea.or.kr/cms/resource/88/3109188_image2_1.JPG,http://tong.visitkorea.or.kr/cms/resource/88/3109188_image3_1.JPG,Type3,127.0144065057,37.5712043487,6,20240315100731,23,+82-2-1330,Dongdaemun Stationery Store Street (동대문 문구완구거리),03120
66,"251, Tongil-ro, Seodaemun-gu, Seoul",,1,A02,A0201,A02010300,264110,76,20021224015052,,,,126.9556423190,37.5746640029,6,20221215095122,14,,Dongnimmun Gate (독립문),03732
67,"20, Dosan-daero 45-gil, Gangnam-gu, Seoul",,1,A01,A0101,A01010500,264444,76,20040108223850,,,,127.0338117034,37.5214632538,6,20221216140642,1,+82-2-543-2558,Dosan Park (도산공원),06020
68,"504, Samyang-ro 173-gil, Gangbuk-gu, Seoul",,1,A02,A0201,A02010800,1348684,76,20110803001455,http://tong.visitkorea.or.kr/cms/resource/48/632948_image2_1.jpg,http://tong.visitkorea.or.kr/cms/resource/48/632948_image3_1.jpg,Type3,126.9897341460,37.6552274686,6,20200330232348,3,,Doseonsa Temple (도선사),01002
69,"173 Wolgye-ro, Gangbuk-gu, Seoul",,1,A01,A0101,A01010500,1114212,76,20101020201443,http://tong.visitkorea.or.kr/cms/resource/86/2526686_image2_1.jpg,http://tong.visitkorea.or.kr/cms/resource/86/2526686_image2_1.jpg,Type3,127.0407498436,37.6233876457,6,20231019110035,3,+82-2-2289-4000,Dream Forest (북서울 꿈의숲),01228
70,"12, Insadong-gil, Jongno-gu, Seoul",,1,A02,A0202,A02020600,2392627,76,20160714004005,http://tong.visitkorea.or.kr/cms/resource/19/3109219_image2_1.JPG,http://tong.visitkorea.or.kr/cms/resource/19/3109219_image3_1.JPG,Type3,126.9872034096,37.5718843365,6,20240315102512,23,+82-1544-8506,Dynamic Maze (Insa-dong) (다이나믹 메이즈 (서울 인사동점)),03163
71,"(Nodeulnaru Park), 290, Yeouidong-ro, Yeongdeungpo-gu, Seoul",,1,A02,A0202,A02020800,1796840,76,20130222183216,http://tong.visitkorea.or.kr/cms/resource/03/2493203_image2_1.JPG,http://tong.visitkorea.or.kr/cms/resource/03/2493203_image2_1.JPG,Type3,126.9383924936,37.5258027055,6,20240313112320,20,+82-2-6291-6900,E-Land Cruise (Hangang River Ferry Cruise) (이랜드크루즈 (한강유람선)),07337
72,"37, Gyedong-gil, Jongno-gu, Seoul",,1,A02,A0201,A02010600,2541628,76,20180404195824,,,,126.9862366274,37.5790751499,6,20240318103441,23,+82-2-2148-4161,Eight Scenic Views of Bukchon (북촌 8경),03059
73,"129, Eulji-ro, Jung-gu, Seoul",,1,A02,A0203,A02030600,3013976,76,20230921170744,http://tong.visitkorea.or.kr/cms/resource/53/2995253_image2_1.jpg,http://tong.visitkorea.or.kr/cms/resource/53/2995253_image3_1.jpg,Type3,126.9926641809,37.5663295246,6,20230921172117,24,+82-2-1330,Euljiro Nogari Alley (을지로 노가리골목),04549
74,"35 Wausan-ro 37-gil, Mapo-gu, Seoul",,1,A02,A0203,A02030600,2538121,76,20180228010601,,,,126.9283758723,37.5565239562,6,20240319135346,13,+82-2-3153-8353,G-line Book Street (경의선책거리),04052
75,"Yeoksam-dong, Gangnam-gu, Seoul",,1,A02,A0203,A02030400,264571,76,20050705003841,http://tong.visitkorea.or.kr/cms/resource/08/1984608_image2_1.jpg,http://tong.visitkorea.or.kr/cms/resource/08/1984608_image3_1.jpg,Type3,127.0281573537,37.4970465429,6,20221130100633,1,+82-2-3423-5114,Gangnam (강남),06232
76,"279-23, Yangcheon-ro 27-gil, Gangseo-gu, Seoul",,1,A01,A0101,A01010500,1256247,76,20110413201935,http://tong.visitkorea.or.kr/cms/resource/81/1894481_image2_1.jpg,http://tong.visitkorea.or.kr/cms/resource/81/1894481_image3_1.jpg,Type3,126.8171490732,37.5860879769,6,20210622002835,4,+82-2-3780-0621,Gangseo Marsh Ecological Park (강서습지생태공원),07518
77,"4, Dosan-daero 11-gil, Gangnam-gu, Seoul",,1,A02,A0202,A02020300,612304,76,20080820221219,http://tong.visitkorea.or.kr/cms/resource/12/591712_image2_1.jpg,http://tong.visitkorea.or.kr/cms/resource/12/591712_image3_1.jpg,Type3,127.0226017143,37.5178856906,2,20170722001414,1,+82-2-546-3200,"Garosu Therapy (Formerly, The Massage) (가로수테라피(구, 더마사지))",06035
78,"1291, Cheonho-daero, Gangdong-gu, Seoul",,1,A01,A0101,A01010500,1930548,76,20140702025849,http://tong.visitkorea.or.kr/cms/resource/82/1567782_image2_1.jpg,http://tong.visitkorea.or.kr/cms/resource/82/1567782_image3_1.jpg,Type3,127.1568388307,37.5413187204,6,20211023015908,2,+82-2-489-2770,Gildong Ecological Park (길동생태공원),05291
79,"68, Seonjam-ro 5-gil, Seongbuk-gu, Seoul",,1,A02,A0201,A02010800,1748008,76,20121106012836,http://tong.visitkorea.or.kr/cms/resource/96/1927896_image2_1.jpg,http://tong.visitkorea.or.kr/cms/resource/96/1927896_image3_1.jpg,Type3,126.9946241836,37.5990951960,6,20240312153552,17,+82-2-3672-5945,Gilsangsa Temple (Seoul) (길상사(서울)),02839
80,"Area of 396beon-ji, Godeok-dong, Gangdong-gu, Seoul",,1,A01,A0101,A01010500,1751260,76,20121113204002,http://tong.visitkorea.or.kr/cms/resource/05/1894505_image2_1.jpg,http://tong.visitkorea.or.kr/cms/resource/05/1894505_image3_1.jpg,Type3,127.1493110052,37.5670267098,6,20210610223452,2,+82-3780-0848,Godeok-dong Ecological Landscape Conservation Area (고덕동 생태경관 보전지역),"134-080,1"
81,"Seongsu-dong, Gwanak-gu, Seoul",,1,A01,A0101,A01010500,1751255,76,20121113203654,http://tong.visitkorea.or.kr/cms/resource/14/755414_image2_1.jpg,http://tong.visitkorea.or.kr/cms/resource/14/755414_image3_1.jpg,Type3,126.9260354605,37.4208230076,6,20210603222528,5,+82-2-879-6563,Gwanaksan Ecological Park (관악산 생태공원),08839
82,"Gwanak-ro, Gwanak-gu, Seoul",,1,A01,A0101,A01010400,1562674,76,20120307004254,http://tong.visitkorea.or.kr/cms/resource/30/1857230_image2_1.jpg,http://tong.visitkorea.or.kr/cms/resource/30/1857230_image3_1.jpg,Type3,126.9540987991,37.4484036407,6,20230102155815,5,+82-2-879-6521,Gwanaksan Mountain (관악산),08826
83,"77, Nakseongdae-ro, Gwanak-gu, Seoul",,1,A02,A0201,A02010700,1748002,76,20121106012545,http://tong.visitkorea.or.kr/cms/resource/06/928406_image2_1.jpg,http://tong.visitkorea.or.kr/cms/resource/06/928406_image3_1.jpg,Type3,126.9602475997,37.4711316683,6,20210716223038,5,+82-2-879-6525,Gwanaksan Mountain Nakseongdae Park (관악산 낙성대공원),08799
84,"344, Toegye-ro, Jung-gu, Seoul",,1,A02,A0201,A02010300,1748354,76,20121106202531,http://tong.visitkorea.or.kr/cms/resource/02/1568502_image2_1.jpg,http://tong.visitkorea.or.kr/cms/resource/02/1568502_image3_1.jpg,Type3,127.0096987947,37.5643772800,6,20210224224137,24,+82-2-3700-3900,Gwanghuimun Gate (광희문),04614
85,"161, Sajik-ro, Jongno-gu, Seoul",,1,A02,A0201,A02010300,264329,76,20030109181214,,,,126.9768042386,37.5760725520,6,20221214145540,23,+82-2-3700-3900,Gwanghwamun Gate (광화문),03045
86,"172, Sejong-daero, Jongno-gu, Seoul",,1,A02,A0202,A02020700,929909,76,20100120182102,,,,126.9769709861,37.5727035021,6,20231123102257,23,+82-2-120,Gwanghwamun Plaza (광화문 광장),03154
87,"77, Gucheonmyeon-ro, Gangdong-gu, Seoul",,1,A02,A0205,A02050600,1392370,76,20110927235256,http://tong.visitkorea.or.kr/cms/resource/51/1985151_image2_1.jpg,http://tong.visitkorea.or.kr/cms/resource/51/1985151_image3_1.jpg,Type3,127.1141592915,37.5444759163,6,20200701003826,2,+82-2-476-0722,Gwangjingyo 8th Avenue (광진교 8번가),05250
88,"83-66, Seonsa-ro, Gangdong-gu, Seoul",,1,A02,A0202,A02020700,1824742,76,20130702020508,http://tong.visitkorea.or.kr/cms/resource/01/1567801_image2_1.jpg,http://tong.visitkorea.or.kr/cms/resource/01/1567801_image3_1.jpg,Type3,127.1222583979,37.5499698690,6,20211225001747,2,+82-2-3780-0501,Gwangnaru Hangang Park (광나루한강공원),05249
89,"161, Sajik-ro, Jongno-gu, Seoul",,1,A02,A0201,A02010100,264337,76,20110226022850,http://tong.visitkorea.or.kr/cms/resource/39/2932639_image2_1.bmp,http://tong.visitkorea.or.kr/cms/resource/39/2932639_image3_1.bmp,Type1,126.9769930325,37.5788222356,6,20240619162008,23,+82-2-3700-3900,Gyeongbokgung Palace (경복궁),03045
90,"45 Saemunan-ro, Jongno-gu, Seoul",,1,A02,A0201,A02010100,264308,76,20030109040004,,,,126.9685079323,37.5704425020,6,20240709105415,23,+82-2-724-0274,Gyeonghuigung Palace (경희궁),03177
91,"Itaewon-dong, Yongsan-gu, Seoul",,1,A02,A0203,A02030400,2944158,76,20221207143240,,,,126.9875154390,37.5384521160,6,20230118161318,21,,Gyeongnidan Street (경리단길),04343
92,"28, Toegye-ro 34-gil, Jung-gu, Seoul",,1,A02,A0201,A02010400,1908468,76,20140327015407,http://tong.visitkorea.or.kr/cms/resource/66/1569166_image2_1.jpg,http://tong.visitkorea.or.kr/cms/resource/66/1569166_image3_1.jpg,Type3,126.9944031366,37.5583638148,6,20211110232855,24,+82-2-3396-5882,Haepungbuwongun Yun Taekyeong's Jaesil (해풍부원군윤택영댁재실),04626
93,"407, Apgujeong-ro, Gangnam-gu, Seoul",<br>(Streets of the area),1,A02,A0204,A02040800,1998305,76,20150418024813,http://tong.visitkorea.or.kr/cms/resource/03/2386103_image2_1.jpg,http://tong.visitkorea.or.kr/cms/resource/03/2386103_image3_1.jpg,Type3,127.0418219032,37.5279015387,,20171020232325,1,,Hallyu K-Star Road (한류스타거리 K-STAR ROAD)),06009
94,"17, Bukchon-ro 5ga-gil, Jongno-gu, Seoul",,1,A02,A0203,A02030200,2593860,76,20190328222122,http://tong.visitkorea.or.kr/cms/resource/47/2388347_image2_1.jpg,http://tong.visitkorea.or.kr/cms/resource/47/2388347_image3_1.jpg,Type3,126.9818592137,37.5803082620,6,20210127013510,23,+82-10-6485-8507,Hanboknam (한복남),03053
95,"95 Haneulgongwon-ro, Mapo-gu, Seoul",,1,A02,A0202,A02020700,2944084,76,20221207141112,,,,126.8863599027,37.5691522918,6,20231019103334,13,,Haneul Park (하늘공원),03900
96,"257, Gangbyeonbuk-ro, Seongdong-gu, Seoul",,1,A01,A0101,A01011800,1887247,76,20140120191419,http://tong.visitkorea.or.kr/cms/resource/87/629687_image2_1.jpg,http://tong.visitkorea.or.kr/cms/resource/87/629687_image3_1.jpg,Type3,127.0416216085,37.5389280323,6,20240312143352,16,+82-2-120,Hangang River (한강),04770
97,"415 Seogyo-dong, Mapo-gu, Seoul",,1,A02,A0203,A02030400,2482058,76,20170222183320,http://tong.visitkorea.or.kr/cms/resource/02/3109602_image2_1.JPG,http://tong.visitkorea.or.kr/cms/resource/02/3109602_image3_1.JPG,Type3,127.1099610007,37.0023302730,6,20240319144041,13,,Hapjeong-dong Café Street (합정동 카페거리),
98,"20-10 Nonhyeon-dong, Gangnam-gu, Seoul",,1,A02,A0203,A02030400,2989577,76,20230526131045,,,,127.0214936080,37.5134306323,6,20230622153427,1,+82-70-7504-1415,Hema Studio (헤마스튜디오),06043
99,"36-10, Heonilleung-gil, Seocho-gu, Seoul",,1,A02,A0201,A02010700,264115,76,20021227005905,http://tong.visitkorea.or.kr/cms/resource/42/1985242_image2_1.jpg,http://tong.visitkorea.or.kr/cms/resource/42/1985242_image3_1.jpg,Type3,127.0837087516,37.4653567754,6,20210724001220,15,+82-2-445-0347,"Heolleung and Illeung Royal Tombs [UNESCO World Heritage] (서울 헌릉(태종,원경왕후)과 인릉(순조,순원왕후) [유네스코 세계문화유산])",06795
100,"34, Heonilleung-gil, Seocho-gu, Seoul",,1,A01,A0101,A01010500,1751262,76,20121113204105,http://tong.visitkorea.or.kr/cms/resource/06/1860206_image2_1.jpg,http://tong.visitkorea.or.kr/cms/resource/06/1860206_image3_1.jpg,Type3,127.0819811618,37.4642652042,6,20211211025434,15,+82-2-445-0347,Heoninneung Royal Tombs Ecological Preservation Area (Alder Tree Forests) (헌인릉 생태경관보전지역(오리나무림)),06795
101,"288, Jong-ro, Jongno-gu, Seoul",,1,A02,A0201,A02010300,264315,76,20030109040219,http://tong.visitkorea.or.kr/cms/resource/36/1568436_image2_1.jpg,http://tong.visitkorea.or.kr/cms/resource/36/1568436_image3_1.jpg,Type3,127.0095263952,37.5711931512,6,20230323135028,23,+82-2-2148-1842,Heunginjimun Gate - Dongdaemun Gate (흥인지문),03119
102,"20, Hongik-ro, Mapo-gu, Seoul",,1,A02,A0203,A02030400,1326972,76,20110708001349,,,,126.9227542239,37.5543713280,6,20240516175546,13,,Hongdae (Hongik University Street) (홍대),04055
103,"57, Hoegi-ro, Dongdaemun-gu, Seoul",,1,A01,A0101,A01010700,264314,76,20030109040154,http://tong.visitkorea.or.kr/cms/resource/80/746580_image2_1.jpg,http://tong.visitkorea.or.kr/cms/resource/80/746580_image3_1.jpg,Type3,127.0406812854,37.5924523515,6,20200523005004,11,+82-2-961-2522,Hongneung Arboretum (홍릉수목원),02455
104,"15-32, Sajik-ro 9-gil, Jongno-gu, Seoul",,1,A02,A0201,A02010100,1909497,76,20140331191845,http://tong.visitkorea.or.kr/cms/resource/25/1568125_image2_1.jpg,http://tong.visitkorea.or.kr/cms/resource/25/1568125_image3_1.jpg,Type3,126.9640359154,37.5776027007,6,20200402013046,23,+82-2-738-5785,Hwanghakjeong Pavilion (황학정),03027
105,"112, Sogong-ro, Jung-gu, Seoul",,1,A02,A0201,A02010900,1748365,76,20121106203903,http://tong.visitkorea.or.kr/cms/resource/66/1946566_image2_1.jpg,http://tong.visitkorea.or.kr/cms/resource/66/1946566_image3_1.jpg,Type3,126.9794848592,37.5651627568,6,20200507014128,24,+82-2-3396-5842,Hwangudan Altar (환구단),04533
106,"Gongneung-dong, Nowon-gu, Seoul",(공릉동),1,A02,A0202,A02020700,2656744,76,20200521015641,,,,127.0928645166,37.6241440529,6,20230811141839,9,,Hwarangdae Railroad Park (화랑대 철도공원),01802
107,"99, Yulgok-ro, Jongno-gu, Seoul",,1,A01,A0101,A01010500,1751266,76,20121113204312,http://tong.visitkorea.or.kr/cms/resource/47/2031847_image2_1.jpg,http://tong.visitkorea.or.kr/cms/resource/47/2031847_image3_1.jpg,Type3,126.9894641053,37.5792862950,6,20220830165410,23,+82-2-3668-2300,Hyangnamu Tree in Changdeokgung Palace (창덕궁 향나무),03072
108,"55, Hyeonchung-ro, Dongjak-gu, Seoul",,1,A02,A0202,A02020700,1930534,76,20140702021708,http://tong.visitkorea.or.kr/cms/resource/00/2531100_image2_1.jpg,http://tong.visitkorea.or.kr/cms/resource/00/2531100_image2_1.jpg,Type3,126.9627629237,37.5106549012,6,20210219183025,12,+82-2-820-9848,Hyosajeong Pavilion (효사정),06904
109,"62, Ichon-ro 72-gil, Yongsan-gu, Seoul",,1,A02,A0202,A02020700,1011895,76,20100429234407,http://tong.visitkorea.or.kr/cms/resource/15/2531015_image2_1.jpg,http://tong.visitkorea.or.kr/cms/resource/15/2531015_image2_1.jpg,Type3,126.9707592150,37.5178208785,6,20240305110147,21,+82-2-3780-0551,Ichon Hangang Park (이촌한강공원),04427
110,"Ikseon-dong, Jongno-gu, Seoul",,1,A02,A0203,A02030400,2943972,76,20221207135824,,,,126.9897920161,37.5735203041,6,20230116134454,23,,Ikseon-dong (익선동),03133
111,"reas of Samil-daero, Supyo-ro, Donhwamun-ro, Jongno-gu, Seoul",,1,A02,A0203,A02030600,3049043,76,20230131223705,http://tong.visitkorea.or.kr/cms/resource/50/2945950_image2_1.jpg,http://tong.visitkorea.or.kr/cms/resource/50/2945950_image3_1.jpg,Type1,0,0,,20231222143914,23,,Ikseon-dong Hanok Street (익선동 한옥거리),
112,"660, Dongnam-ro, Gangdong-gu, Seoul",,1,A01,A0101,A01010600,2357804,76,20151230234257,http://tong.visitkorea.or.kr/cms/resource/88/659488_image2_1.jpg,http://tong.visitkorea.or.kr/cms/resource/88/659488_image3_1.jpg,Type3,127.1508007360,37.5327334966,6,20210423002906,2,,Iljasan Mountain Natural Park (일자산자연공원),05357
113,"62, Insadong-gil, Jongno-gu, Seoul",,1,A02,A0203,A02030400,264354,76,20110226021013,http://tong.visitkorea.or.kr/cms/resource/26/2612526_image2_1.jpg,http://tong.visitkorea.or.kr/cms/resource/26/2612526_image3_1.jpg,Type3,126.9833758804,37.5754310780,6,20240517114101,23,+82-2-734-0222,Insa-dong (인사동),03146
114,"19 Insadong 11-gil, Jongno-gu, Seoul",,1,A02,A0204,A02040800,2008624,76,20150608232937,http://tong.visitkorea.or.kr/cms/resource/48/1999248_image2_1.jpg,http://tong.visitkorea.or.kr/cms/resource/48/1999248_image3_1.jpg,Type3,126.9835675794,37.5736729522,,20170726182045,23,+82-82-737-7890~1,Insa-dong PR Center (인사동홍보관),03145
115,"Insa-dong, Jongno-gu, Seoul Metropolitan City",,1,A02,A0203,A02030600,3075115,76,20231225163524,http://tong.visitkorea.or.kr/cms/resource/53/3074553_image2_1.jpg,http://tong.visitkorea.or.kr/cms/resource/53/3074553_image3_1.jpg,Type1,126.9860229405,37.5726314506,6,20231226163045,23,,Insadong Cultural Street (인사동 문화의 거리),03162
116,,(Sinjeong-dong),1,A02,A0203,A02030400,1729324,76,20121006013856,http://tong.visitkorea.or.kr/cms/resource/64/1984664_image2_1.jpg,http://tong.visitkorea.or.kr/cms/resource/64/1984664_image3_1.jpg,Type3,126.870069438635,37.520720000194,,20191219010332,19,+82-2-2650-2200,International Seon Center (국제선센터),08013
117,"16-1, Tongil-ro 18ga-gil, Jongno-gu, Seoul",,1,A02,A0201,A02010800,1749909,76,20121109202122,http://tong.visitkorea.or.kr/cms/resource/01/1568101_image2_1.jpg,http://tong.visitkorea.or.kr/cms/resource/01/1568101_image3_1.jpg,Type3,126.9597168346,37.5786358368,6,20200402181857,23,+82-2-737-4434,Inwangsa Temple (인왕사 (서울)),03023
118,"San 2-1, Muak-dong, Jongno-gu, Seoul",,1,A01,A0101,A01010400,1348417,76,20110802204359,http://tong.visitkorea.or.kr/cms/resource/62/1894462_image2_1.jpg,http://tong.visitkorea.or.kr/cms/resource/62/1894462_image3_1.jpg,Type3,126.9640832471,37.5735670596,6,20240304140739,23,+82-2-2148-2834,Inwangsan Mountain (인왕산),03028
119,"Itaewon-dong, Yongsan-gu, Seoul",,1,A02,A0203,A02030600,1024837,76,20100519031044,http://tong.visitkorea.or.kr/cms/resource/81/1020781_image2_1.jpg,http://tong.visitkorea.or.kr/cms/resource/81/1020781_image3_1.jpg,Type3,126.9944149759,37.5326056972,6,20240305105353,21,+82-2-797-5119,Itaewon Antique Furniture Street (이태원 앤틱 가구 거리),04391
120,"196, Itaewon-ro, Yongsan-gu, Seoul",,1,A02,A0202,A02020200,264358,76,20030109182459,,,,126.9958259074,37.5343944032,6,20230117155831,21,+82-2-797-7319,Itaewon Special Tourist Zone (이태원 관광특구),04405
121,"65, Hangaram-ro, Songpa-gu, Seoul",,1,A02,A0202,A02020700,1000299,76,20100416224918,http://tong.visitkorea.or.kr/cms/resource/79/1567879_image2_1.jpg,http://tong.visitkorea.or.kr/cms/resource/79/1567879_image3_1.jpg,Type3,127.0867403283,37.5176118752,6,20240313094318,18,+82-2-3780-0511,Jamsil Hangang Park (잠실한강공원),05502
122,"221-124, Jamwon-ro, Seocho-gu, Seoul",,1,A02,A0202,A02020700,1013448,76,20100503231155,,,,127.0122664645,37.5207129541,6,20240312140334,15,+82-2-3780-0531,Jamwon Hangang Park (잠원한강공원),06513
123,"176, Jangchungdan-ro, Jung-gu, Seoul",,1,A02,A0203,A02030400,1398666,76,20111011010521,http://tong.visitkorea.or.kr/cms/resource/69/696569_image2_1.jpg,http://tong.visitkorea.or.kr/cms/resource/69/696569_image3_1.jpg,Type3,127.0057825956,37.5604832175,6,20190926193230,24,+82-2-2236-9135,Jangchung-dong Jokbal Street (장충동 족발 골목),04606
124,"261, Dongho-ro, Jung-gu, Seoul",,1,A02,A0202,A02020700,1348558,76,20110802230734,http://tong.visitkorea.or.kr/cms/resource/85/1945785_image2_1.jpg,http://tong.visitkorea.or.kr/cms/resource/85/1945785_image3_1.jpg,Type3,127.0041161624,37.5576029665,6,20200318222214,24,,Jangchungdan Park (장충단공원),04620
125,"Gwanak-ro, Gwanak-gu, Seoul",,1,A02,A0201,A02010800,1742381,76,20121029185339,http://tong.visitkorea.or.kr/cms/resource/40/2363140_image2_1.jpg,http://tong.visitkorea.or.kr/cms/resource/40/2363140_image3_1.jpg,Type3,126.9542210004,37.4487397158,6,20230508144346,5,+82-2-882-3839,Jaunam Hermitage (자운암),08826
126,"6 Tojeong-ro, Mapo-gu, Seoul",,1,A02,A0201,A02010900,264465,76,20040207195713,http://tong.visitkorea.or.kr/cms/resource/80/2530780_image2_1.jpg,http://tong.visitkorea.or.kr/cms/resource/80/2530780_image2_1.jpg,Type3,126.9117221843,37.5441500963,6,20240312103949,13,+82-2-3142-4434,Jeoldusan Martyrs' Shrine (절두산순교성지),04085
127,"15, Deoksugung-gil, Jung-gu, Seoul",,1,A02,A0205,A02050600,2044982,76,20151203004515,,,,126.9755269079,37.5644099957,6,20220811111518,24,+82-2-120,Jeongdong Observatory (정동전망대),04515
128,"116, Arirang-ro 19-gil, Seongbuk-gu, Seoul",,1,A02,A0201,A02010700,264113,76,20021227004147,http://tong.visitkorea.or.kr/cms/resource/91/2622291_image2_1.jpg,http://tong.visitkorea.or.kr/cms/resource/91/2622291_image3_1.jpg,Type3,127.0063452451,37.6023505830,6,20210209193631,17,+82-2-914-5133,Jeongneung Royal Tomb  [UNESCO World Heritage] (서울 정릉(신덕왕후) [유네스코 세계문화유산]),02813
129,"(Jingwansa Temple), 73, Jingwan-gil, Eunpyeong-gu, Seoul",,1,A02,A0201,A02010800,1158841,76,20110106014544,,,,126.9469052095,37.6380064804,6,20240318095900,22,+82-2-359-8410,Jingwansa Temple (Seoul) [진관사(서울)],03308
130,"73 Jingwan-gil, Eunpyeong-gu, Seoul",,1,A01,A0101,A01010900,3103006,76,20091027012100,,,,126.9465496889,37.6379287052,6,20240220151054,22,,Jingwansaggyegok Valley (진관사 계곡),03308
131,"55 Ujeongguk-ro, Jongno-gu, Seoul",,1,A02,A0201,A02010800,264352,76,20030109182214,http://tong.visitkorea.or.kr/cms/resource/96/1985196_image2_1.jpg,http://tong.visitkorea.or.kr/cms/resource/96/1985196_image3_1.jpg,Type3,126.9818371759,37.5738701204,6,20240105134754,23,,Jogyesa Temple (조계사),03144
132,"157 Jong-ro, Jongno-gu, Seoul",,1,A02,A0201,A02010700,264351,76,20090929190340,,,,126.9951471543,37.5710345779,6,20240705155521,23,+82-2-765-0195,Jongmyo Shrine [UNESCO World Heritage] (종묘 [유네스코 세계유산]),03135
133,"99, Yulgok-ro, Jongno-gu, Seoul",,1,A02,A0202,A02020200,1963123,76,20141106001616,http://tong.visitkorea.or.kr/cms/resource/32/2597532_image2_1.jpg,http://tong.visitkorea.or.kr/cms/resource/32/2597532_image3_1.jpg,Type3,126.9919526715,37.5826581698,6,20211230194840,23,+82-2-2148-1861,Jongno Cheonggye Special Tourist Zone (종로 청계 관광특구),03072
134,"41-11, Jeongdong-gil, Jung-gu, Seoul",,1,A02,A0201,A02010100,1034818,76,20100531185111,http://tong.visitkorea.or.kr/cms/resource/30/2639030_image2_1.jpg,http://tong.visitkorea.or.kr/cms/resource/30/2639030_image3_1.jpg,Type3,126.9725215638,37.5666207957,6,20240311180834,24,+82-2-752-7525,Jungmyeongjeon Hall (중명전),04518
135,"565, Nonhyeon-ro, Gangnam-gu, Seoul-si",,1,A02,A0202,A02020300,1300249,76,20110602235758,,,,127.0337426883,37.5065205433,,20170721234516,1,+82-2-3445-1239,JW Spa (제이더블유스파),06125
136,"240, Olympic-ro, Songpa-gu, Seoul",,1,A02,A0203,A02030400,1220743,76,20110302194031,http://tong.visitkorea.or.kr/cms/resource/80/2031380_image2_1.jpg,http://tong.visitkorea.or.kr/cms/resource/80/2031380_image3_1.jpg,Type3,127.0981394766,37.5110683960,6,20240313100758,18,+82-1544-5110,KidZania Seoul (키자니아 서울),05554
137,"175, Sejong-daero, Jongno-gu, Seoul",,1,A02,A0205,A02050400,1382671,76,20110909001318,http://tong.visitkorea.or.kr/cms/resource/41/2549141_image2_1.jpg,http://tong.visitkorea.or.kr/cms/resource/41/2549141_image3_1.jpg,Type3,126.9768376800,37.5721757834,6,20240304135814,23,+82-2-2133-7713,King Sejong Statue (세종대왕 동상),03172
138,"121 Daesagwan-ro, Seongbuk-gu, Seoul",,1,A02,A0204,A02040800,3092112,76,20231218150210,,,,126.9930020876,37.5998589670,,20240201101912,17,,Korea Furniture Museum (한국가구박물관),02822
139,"574, Hwarang-ro, Nowon-gu, Seoul",,1,A02,A0206,A02061400,2410656,76,20160907003833,http://tong.visitkorea.or.kr/cms/resource/43/1985643_image2_1.jpg,http://tong.visitkorea.or.kr/cms/resource/43/1985643_image3_1.jpg,Type3,127.0998333455,37.6234664798,6,20220830161415,9,+82-2-2197-6125,Korea Military Academy (육군사관학교),01805
140,"394, Apgujeong-dong, Gangnam-gu, Seoul",,1,A02,A0203,A02030600,3107994,76,20230925120359,,,,127.0244152270,37.5253320799,6,20240305180711,1,,KstarROAD 한류스타거리 (KstarROAD Hallyu Star Road),06001
141,"178, Sejong-daero, Jongno-gu, Seoul",,1,A02,A0204,A02040800,2655857,76,20200511193606,http://tong.visitkorea.or.kr/cms/resource/70/1334870_image2_1.jpg,http://tong.visitkorea.or.kr/cms/resource/70/1334870_image3_1.jpg,Type3,126.9778959154,37.5722063543,6,20210708181320,23,+82-1577-5599,KT Square (KT스퀘어),03154
142,"240, Olympic-ro, Songpa-gu, Seoul",,1,A02,A0202,A02020600,264152,76,20030104231833,,,,127.0979006014,37.5113516917,6,20230119100857,18,+82-1661-2000,Lotte World (롯데월드),05554
143,"300, Olympic-ro, Songpa-gu, Seoul",,1,A02,A0205,A02050600,2003918,76,20150519223248,,,,127.1025918048,37.5126349603,6,20230117102244,18,+82-2-3213-5000,Lotte World Tower & Mall (롯데월드타워&롯데월드몰),05551
144,"300, Olympic-ro, Songpa-gu, Seoul",,1,A02,A0205,A02050600,2493015,76,20170522193450,,,,127.1042832896,37.5136209882,6,20221223164634,18,+82-1661-2000,Lotte World Tower SEOUL SKY (롯데월드타워 서울스카이),05551
145,"99, Maeheon-ro, Seocho-gu, Seoul",,1,A01,A0101,A01010400,1349202,76,20110803222138,http://tong.visitkorea.or.kr/cms/resource/66/2668466_image2_1.jpg,http://tong.visitkorea.or.kr/cms/resource/66/2668466_image3_1.jpg,Type3,127.0369572316,37.4730383770,6,20221221091741,15,+82-2-575-3895,Maeheon Citizen's Forest (매헌시민의 숲),06773
146,"467, Maponaru-gil, Mapo-gu, Seoul",,1,A02,A0202,A02020700,1064349,76,20100723231210,http://tong.visitkorea.or.kr/cms/resource/23/2527123_image2_1.jpg,http://tong.visitkorea.or.kr/cms/resource/23/2527123_image2_1.jpg,Type3,126.8999035848,37.5523989260,6,20230807152942,13,,Mangwon Hangang Park (한강시민공원 망원지구 (망원한강공원)),04005
147,"87, Jeungsan-ro, Mapo-gu, Seoul",,1,A02,A0204,A02040800,2593294,76,20190326030953,,,,126.8950451862,37.5703995248,6,20221215103525,13,+82-2-376-8410,Mapo Oil Tank Culture Park (마포 문화비축기지),03914
148,"Mapo-dong, Mapo-gu, Seoul",,1,A02,A0205,A02050100,1256219,76,20110413200734,http://tong.visitkorea.or.kr/cms/resource/61/758561_image2_1.jpg,http://tong.visitkorea.or.kr/cms/resource/61/758561_image3_1.jpg,Type3,126.9418446559,37.5364709722,6,20210326202239,13,+82-2-3153-8365,Mapodaegyo Bridge (마포대교 야경),04175
149,"104, Daehak-ro, Jongno-gu, Seoul",,1,A02,A0202,A02020700,264313,76,20030109040133,http://tong.visitkorea.or.kr/cms/resource/47/1554847_image2_1.jpg,http://tong.visitkorea.or.kr/cms/resource/47/1554847_image3_1.jpg,Type3,127.0027239807,37.5802419773,6,20210714201743,23,+82-2-2148-4158,Marronnier Park (마로니에공원),03087
150,"722, Seolleung-ro, Gangnam-gu, Seoul",Unit 201,1,A02,A0202,A02020300,2009863,76,20150615182717,http://tong.visitkorea.or.kr/cms/resource/26/2009826_image2_1.jpg,http://tong.visitkorea.or.kr/cms/resource/26/2009826_image2_1.jpg,Type3,127.0408083536,37.5191664236,,20170802024130,1,,Marzia Healing Spa - Cheongdam Branch (마르지아힐링스파 (청담점)),06065
151,"56-33, Gaehwadong-ro 13-gil, Gangseo-gu, Seoul",,1,A02,A0201,A02010700,1887235,76,20140120184037,http://tong.visitkorea.or.kr/cms/resource/90/1986090_image2_1.jpg,http://tong.visitkorea.or.kr/cms/resource/90/1986090_image3_1.jpg,Type3,126.8036199031,37.5807272474,6,20191223193924,4,+82-2-2125-0848,Memorial to the Loyal Dead (호국충혼위령비),07504
152,"59 Banpo-daero 37-gil, Seocho-gu, Seoul",,1,A02,A0202,A02020700,2035459,76,20151023202303,,,,127.0037401743,37.4955435016,6,20240320144907,15,+82-2-2155-6860,Montmartre Park (몽마르뜨공원),06579
153,"31, Seonggyungwan-ro, Jongno-gu, Seoul",,1,A02,A0201,A02010700,1407539,76,20111019030148,http://tong.visitkorea.or.kr/cms/resource/91/1568091_image2_1.jpg,http://tong.visitkorea.or.kr/cms/resource/91/1568091_image3_1.jpg,Type3,126.9967410426,37.5855412533,6,20200331231204,23,+82-2-760-1472,Munmyo Confucian Shrine and Seonggyungwan National Academy (서울 문묘와 성균관),03063
154,"(4-6th floor, Maru Art Center), 35-4, Insadong-gil, Jongno-gu, Seoul",,1,A02,A0204,A02040800,2490739,76,20170421233627,,,,126.9848591321,37.5735368801,6,20240318101614,23,+82-2-6002-6456,Museum Kimchikan (뮤지엄 김치간),03149
155,"66, Eulji-ro, Jung-gu, Seoul",,1,A02,A0203,A02030400,264312,76,20110224204307,http://tong.visitkorea.or.kr/cms/resource/85/2932485_image2_1.bmp,http://tong.visitkorea.or.kr/cms/resource/85/2932485_image3_1.bmp,Type1,126.9850038013,37.5651434137,6,20240517160055,24,+82-2-778-0333,Myeong-dong (명동),04538
156,"66, Eulji-ro, Jung-gu, Seoul",,1,A02,A0203,A02030400,2593943,76,20190329002444,http://tong.visitkorea.or.kr/cms/resource/94/2582594_image2_1.bmp,http://tong.visitkorea.or.kr/cms/resource/94/2582594_image2_1.bmp,Type3,126.9849815808,37.5651545234,6,20230103153225,24,+82-2-778-0333,Myeong-dong Tourist Information Center (명동관광정보센터),04538
157,"40, Sejong-daero, Jung-gu, Seoul",,1,A02,A0202,A02020200,1963058,76,20141105221154,http://tong.visitkorea.or.kr/cms/resource/62/1946562_image2_1.jpg,http://tong.visitkorea.or.kr/cms/resource/62/1946562_image3_1.jpg,Type3,126.9753048316,37.5599771733,6,20211230195746,24,+82-2-3396-4622,"Myeong-dong, Namdaemun, Bukchang-dong, Da-dong and Mugyo-dong Special Tourist Zone (명동 남대문 북창동 다동무교동 관광특구)",04528
158,"74, Myeongdong-gil, Jung-gu, Seoul",,1,A02,A0201,A02010900,264138,76,20030103200938,http://tong.visitkorea.or.kr/cms/resource/03/1987703_image2_1.jpg,http://tong.visitkorea.or.kr/cms/resource/03/1987703_image3_1.jpg,Type3,126.9872814233,37.5633131117,6,20221227094028,24,,Myeongdong Cathedral (서울 명동성당),04537
159,"31, Jong-ro 63ga-gil, Jongno-gu, Seoul",,1,A02,A0201,A02010800,1121029,76,20101102203114,http://tong.visitkorea.or.kr/cms/resource/08/1927908_image2_1.jpg,http://tong.visitkorea.or.kr/cms/resource/08/1927908_image3_1.jpg,Type3,127.0187670996,37.5754261586,6,20200131233415,23,,Myogaksa Temple-Seoul (묘각사 (서울)),03112
160,"15, Yeongjung-ro, Yeongdeungpo-gu, Seoul","(Times Square B1, Yeongdeungpodong 4-ga)",1,A02,A0202,A02020300,1024919,76,20100519184711,http://tong.visitkorea.or.kr/cms/resource/37/1021637_image2_1.jpg,http://tong.visitkorea.or.kr/cms/resource/37/1021637_image3_1.jpg,Type3,126.9039014342,37.5172030882,3,20170721233759,20,+82-2-2638-2604~5,N. Olive Esthetic (앤올리브 에스테틱),07305
161,"41, Naksan-gil, Jongno-gu, Seoul",,1,A02,A0202,A02020700,264478,76,20040304011045,http://tong.visitkorea.or.kr/cms/resource/87/1568087_image2_1.jpg,http://tong.visitkorea.or.kr/cms/resource/87/1568087_image3_1.jpg,Type3,127.0065125148,37.5805725621,6,20200915185742,23,+82-2-743-7985,Naksan Park (낙산공원),03085
162,"99, Yulgok-ro, Jongno-gu, Seoul",,1,A02,A0201,A02010100,1918896,76,20140514194329,http://tong.visitkorea.or.kr/cms/resource/93/1568293_image2_1.jpg,http://tong.visitkorea.or.kr/cms/resource/93/1568293_image3_1.jpg,Type3,126.9935443080,37.5786003366,6,20210930195239,23,+82-2-2148-1822,Nakseonjae Hall (낙선재),03072
163,"2076, Nambusunhwan-ro, Gwanak-gu, Seoul",,1,A02,A0201,A02010700,1371835,76,20110825221137,http://tong.visitkorea.or.kr/cms/resource/43/3020543_image2_1.jpeg,http://tong.visitkorea.or.kr/cms/resource/43/3020543_image3_1.jpeg,Type3,126.9795345921,37.4761175459,6,20231017113545,5,+82-2-598-6246,Nam-Seoul Museum of Art (SeMA) (서울시립미술관 남서울생활미술관),08806
164,"83, Sopa-ro, Jung-gu, Seoul",,1,A02,A0203,A02030400,668511,76,20081216223014,http://tong.visitkorea.or.kr/cms/resource/96/1919696_image2_1.jpg,http://tong.visitkorea.or.kr/cms/resource/96/1919696_image2_1.jpg,Type3,126.9841041137,37.5569971220,6,20231026213323,24,+82-2-753-2403,Namsan Cable Car (남산 케이블카),04630
165,"105, Namsangongwon-gil, Yongsan-gu, Seoul",,1,A02,A0205,A02050600,1876944,76,20131230194247,http://tong.visitkorea.or.kr/cms/resource/72/1567972_image2_1.jpg,http://tong.visitkorea.or.kr/cms/resource/72/1567972_image3_1.jpg,Type3,126.9876206116,37.5516394747,6,20210619005030,24,+82-2-3783-5900,Namsan Octagonal Pavilion (남산 팔각정),04628
166,"323, Sowol-ro, Yongsan-gu, Seoul",,1,A01,A0101,A01010700,1751094,76,20121113182946,,,,126.9969033844,37.5415658115,6,20221216091223,21,+82-2-798-3771,Namsan Outdoor Botanical Garden (남산 야외식물원),04340
167,"105, Namsangongwon-gil, Yongsan-gu, Seoul",0,1,A02,A0205,A02050600,264550,76,20110224200326,http://tong.visitkorea.or.kr/cms/resource/18/2932618_image2_1.bmp,http://tong.visitkorea.or.kr/cms/resource/18/2932618_image3_1.bmp,Type3,126.9878983791,37.5511089858,6,20240517150714,21,+82-2-3455-9277,Namsan Seoul Tower (남산서울타워),04340
168,"105, Namsangongwon-gil, Yongsan-gu, Seoul",,1,A02,A0203,A02030200,2435998,76,20161025230320,http://tong.visitkorea.or.kr/cms/resource/12/2435112_image2_1.jpg,http://tong.visitkorea.or.kr/cms/resource/12/2435112_image2_1.jpg,Type3,126.9878594933,37.5511312042,6,20210316185308,21,,Namsan Seoul Tower Hanbok Culture Experience Center (남산서울타워 한복문화체험관),04340
169,"28, Toegye-ro 34-gil, Jung-gu, Seoul",,1,A02,A0201,A02010600,264116,76,20021227011750,,,,126.9940059289,37.5591248302,6,20230217083829,24,+82-2-2261-0500,Namsangol Hanok Village (남산골한옥마을),04626
170,"162 Hangangnanji-ro, Mapo-gu, Seoul",,1,A02,A0202,A02020700,767100,76,20090716202226,,,,126.8854129455,37.5628196780,6,20240215144421,13,,Nanji Hangang Park (난지한강공원),03900
171,"445 Yangnyeong-ro, Yongsan-gu, Seoul",,1,A02,A0202,A02020200,2813573,76,20220325144143,http://tong.visitkorea.or.kr/cms/resource/65/2638965_image2_1.JPG,http://tong.visitkorea.or.kr/cms/resource/65/2638965_image2_1.JPG,Type3,126.9580659298,37.5177234407,6,20231229114252,21,,Nodeul Island (노들섬),04427
172,"340 Yangjae-daero, Gangnam-gu, Seoul",,1,A02,A0201,A02010800,3110983,76,20240320164106,http://tong.visitkorea.or.kr/cms/resource/72/1567772_image2_1.jpg,http://tong.visitkorea.or.kr/cms/resource/72/1567772_image3_1.jpg,Type3,127.0526058449,37.4717304764,6,20240320164117,1,,Nungin Sunwon (능인선원),06357
173,"49, Deongneung-ro 42-gil, Gangbuk-gu, Seoul",,1,A02,A0202,A02020700,1939666,76,20140807194606,http://tong.visitkorea.or.kr/cms/resource/39/2025939_image2_1.jpg,http://tong.visitkorea.or.kr/cms/resource/39/2025939_image3_1.jpg,Type3,127.0322642304,37.6330835875,6,20200704021311,3,+82-2-901-6923,Odong Neighborhood Park (오동근린공원),01139
174,"363 Ogeum-ro, Songpa-gu, Seoul",,1,A02,A0202,A02020700,3106653,76,20090617231424,,,,127.1316810347,37.5052557863,6,20240227182329,18,,Ogeum Park (오금공원),05725
175,"424 Olympic-ro, Songpa-gu, Seoul",,1,A02,A0202,A02020700,789703,76,20090828204759,http://tong.visitkorea.or.kr/cms/resource/39/2650439_image2_1.jpg,http://tong.visitkorea.or.kr/cms/resource/39/2650439_image3_1.jpg,Type3,127.1224425827,37.5194456386,6,20231019101023,18,+82-2-410-1114,Olympic Park (올림픽공원),05540
176,"35-1, Yangnyeongjungang-ro, Dongdaemun-gu, Seoul",,1,A02,A0203,A02030200,2030936,76,20150925000129,http://tong.visitkorea.or.kr/cms/resource/19/2554819_image2_1.JPG,http://tong.visitkorea.or.kr/cms/resource/19/2554819_image2_1.JPG,Type3,127.0369985993,37.5815035582,6,20200318235424,11,+82-10-5060-5250,OME Cooking Lab (오미요리연구소),02569
177,"606, Teheran-ro, Gangnam-gu, Seoul",,1,A02,A0202,A02020300,1024981,76,20100519192422,,,,127.0642537376,37.5087236137,3,20170721233831,1,-2-2016-1176,Park Club Spa (파크클럽스파),06174
178,"Pungnap-dong, Songpa-gu, Seoul",,1,A02,A0201,A02010200,1742305,76,20121029182234,http://tong.visitkorea.or.kr/cms/resource/13/566413_image2_1.jpg,http://tong.visitkorea.or.kr/cms/resource/13/566413_image3_1.jpg,Type3,127.1209255392,37.5375629524,6,20230413021436,18,+82-2-2147-2800,Pungnap-dong Toseong Fortress (서울 풍납동 토성),05512
179,"240 Yeondong-ro, Guro-gu, Seoul",,1,A01,A0101,A01010700,3099597,76,20201007055358,,,,126.8240846662,37.4830806290,6,20240215115259,7,,Pureun Arboretum & Hang-dong Railroad (푸른수목원&항동철길),08361
180,"8 Samseong-ro 133-gil, Gangnam-gu, Seoul-si",,1,A02,A0202,A02020300,1300201,76,20110602233145,,,,127.0487215059,37.5197470544,,20170721234445,1,+82-2-3442-7888,Q Spa & Clinic (큐스파앤클리닉),06068
181,"405, Hangang-daero, Yongsan-gu, Seoul",,1,A02,A0203,A02030400,2490035,76,20170414192734,http://tong.visitkorea.or.kr/cms/resource/43/2440943_image2_1.JPG,http://tong.visitkorea.or.kr/cms/resource/43/2440943_image2_1.JPG,Type3,126.9717164149,37.5548277077,6,20200706222453,21,+82-1544-7755,Rail Cruise Haerang (레일크루즈 해랑열차),04320
182,"2nd basement level, 45, Guuigangbyeon-ro, Gwangjin-gu, Seoul",,1,A02,A0202,A02020400,669211,76,20081223000346,,,,127.0916116181,37.5348266305,6,20240319105625,6,+82-2-455-3737,Riverside Spa Land (강변스파랜드),05049
183,"80-8, Ichon-ro, Yongsan-gu, Seoul",,1,A02,A0201,A02010900,1930527,76,20140702020924,http://tong.visitkorea.or.kr/cms/resource/21/1985221_image2_1.jpg,http://tong.visitkorea.or.kr/cms/resource/21/1985221_image3_1.jpg,Type3,126.9567186255,37.5249586869,6,20200331235716,21,+82-2-716-1791,Saenamteo Catholic Holy Place of the Martyrs (새남터기념성당),04374
184,"16-18 Sageundong-gil, Seongdong-gu, Seoul",,1,A02,A0202,A02020700,3111097,76,20240320172557,http://tong.visitkorea.or.kr/cms/resource/35/755735_image2_1.jpg,http://tong.visitkorea.or.kr/cms/resource/35/755735_image3_1.jpg,Type3,127.0431430874,37.5602422502,6,20240320172606,16,,Salgoji Sports Park (살곶이 체육공원),04762
185,"44, Insadong-gil, Jongno-gu, Seoul",,1,A02,A0202,A02020700,1030527,76,20100525230035,,,,126.9840699056,37.5879851865,6,20240318102507,23,+82-2-2148-4150,Samcheong Park (삼청공원),03050
186,"107, Samcheong-ro, Jongno-gu, Seoul",,1,A02,A0203,A02030400,264473,76,20040228025320,,,,126.9818368607,37.5849938278,6,20210616195420,23,+82-2-120,Samcheong-dong Street (삼청동길),03049
187,"Samyang-ro 173-gil, Gangbuk-gu, Seoul",,1,A01,A0101,A01010400,3105088,76,20240223115011,,,,126.9909006206,37.6582465830,6,20240320170142,3,,Samgaksan Mountain (삼각산),01002
188,"454-16, Hoam-ro, Gwanak-gu, Seoul",,1,A02,A0201,A02010900,1930531,76,20140702021136,http://tong.visitkorea.or.kr/cms/resource/12/2526612_image2_1.jpg,http://tong.visitkorea.or.kr/cms/resource/12/2526612_image2_1.jpg,Type3,126.9291258310,37.4569855320,6,20210817220805,5,+82-2-875-2271,Samseongsan Holy Ground (삼성산성지),08822
189,"411, Gangnam-daero, Seocho-gu, Seoul",,1,A02,A0204,A02040900,1341981,76,20110726222102,http://tong.visitkorea.or.kr/cms/resource/07/1955207_image2_1.jpeg,http://tong.visitkorea.or.kr/cms/resource/07/1955207_image3_1.jpeg,Type3,127.0265547405,37.4963799255,6,20240312121438,15,+82-2-2255-2277,Samsung Gangnam (삼성 강남),06620
190,"(2nd underground floor), 164, Mullae-ro, Yeongdeungpo-gu, Seoul",,1,A02,A0202,A02020600,747197,76,20090605002425,http://tong.visitkorea.or.kr/cms/resource/47/1985547_image2_1.jpg,http://tong.visitkorea.or.kr/cms/resource/47/1985547_image3_1.jpg,Type3,126.9000712095,37.5178529443,6,20240320185047,20,+82-2-1522-9661,Sealala Water Park (씨랄라 워터파크),07297
191,"jiha 189, Sejong-daero, Jongno-gu, Seoul",,1,A02,A0202,A02020700,1930107,76,20140630184317,http://tong.visitkorea.or.kr/cms/resource/97/1568197_image2_1.jpg,http://tong.visitkorea.or.kr/cms/resource/97/1568197_image3_1.jpg,Type3,126.9760710456,37.5734839509,6,20220831112721,23,+82-2-722-9598,Sejong-ro Park (세종로공원),03172
192,"45, Pirundae-ro, Jongno-gu, Seoul (Nuha-dong)",,1,A02,A0203,A02030100,2037040,76,20151030024535,http://tong.visitkorea.or.kr/cms/resource/94/2678694_image2_1.jpg,http://tong.visitkorea.or.kr/cms/resource/94/2678694_image3_1.jpg,Type3,126.9729684191,37.5781277997,6,20240305124034,23,,Seochon Village (서촌마을),03037
193,"251, Tongil-ro, Seodaemun-gu, Seoul",,1,A02,A0202,A02020700,1748004,76,20121106012625,,,,126.9556450402,37.5766554381,6,20221215093338,14,+82-2-3140-8305,Seodaemun Independence Park (서대문독립공원),03732
194,"1 Seolleung-ro 100-gil, Gangnam-gu, Seoul",,1,A02,A0201,A02010700,264106,76,20021220020217,,,,127.0471803291,37.5074206801,6,20240705153541,1,+82-2-568-1291,Seolleung and Jeongneung Royal Tombs [UNESCO World Heritage] (서울 선릉과정릉) [유네스코 세계유산],06153
195,"Seongsu-dong, Seongdong-gu, Seoul",,1,A02,A0203,A02030600,2946681,76,20221207144255,,,,127.0566145649,37.5432527996,6,20230201093456,16,,Seongsu-dong Cafe Street (성수동 카페거리),04795
196,"15, Yeonmujang 7-gil, Seongdong-gu, Seoul",,1,A02,A0203,A02030600,2946682,76,20221207144508,,,,127.0547758143,37.5442915346,6,20230201093626,16,,Seongsu-dong Handmade Shoes Street (성수동 수제화거리),04782
197,"343 , Seonyu-ro, Yeongdeungpo-gu, Seoul",,1,A02,A0202,A02020700,3006542,76,20230904135239,http://tong.visitkorea.or.kr/cms/resource/01/2678801_image2_1.jpg,http://tong.visitkorea.or.kr/cms/resource/01/2678801_image3_1.jpg,Type3,126.9024425270,37.5422918129,6,20230905190507,20,,Seonyudo Park (선유도공원),07200
198,"Banpo-dong, Seocho-gu, Seoul",,1,A02,A0203,A02030100,2037327,76,20151031005305,,,,126.9981601041,37.4963433090,6,20221216112939,15,+82-2-2155-6220,Seorae Village (서래마을),06577
199,"20, Nambusunhwan-ro 64-gil, Yangcheon-gu, Seoul",,1,A02,A0202,A02020700,1266515,76,20110428230717,http://tong.visitkorea.or.kr/cms/resource/15/2611715_image2_1.bmp,http://tong.visitkorea.or.kr/cms/resource/15/2611715_image2_1.bmp,Type3,126.8300634330,37.5274172505,6,20221019111820,19,+82-2-2604-3004,Seoseoul Lake Park (서서울호수공원),07916
200,"5, Chilpae-ro, Jung-gu, Seoul",,1,A02,A0202,A02020700,1912476,76,20140409235916,http://tong.visitkorea.or.kr/cms/resource/02/1569102_image2_1.jpg,http://tong.visitkorea.or.kr/cms/resource/02/1569102_image3_1.jpg,Type3,126.9694692310,37.5607103171,6,20230811102818,24,,Seosomun Historical Park (서소문역사공원),04510
201,"150-3 Jong-ro, Jongno-gu, Seoul",,1,A02,A0203,A02030600,3046933,76,20231123104640,http://tong.visitkorea.or.kr/cms/resource/56/3019156_image2_1.jpg,http://tong.visitkorea.or.kr/cms/resource/56/3019156_image3_1.jpg,Type3,126.9942167014,37.5704207437,6,20231123105415,23,,Seosulla-gil Road (서순라길),03193
202,"10-1 Hoehyeon-dong 2(i)-ga, Jung-gu, Seoul",,1,A02,A0204,A02040800,2621939,76,20191001002707,http://tong.visitkorea.or.kr/cms/resource/02/1895102_image2_1.jpg,http://tong.visitkorea.or.kr/cms/resource/02/1895102_image3_1.jpg,Type3,126.9831152342,37.5598523283,6,20220927093732,24,+82-2-3455-8341,Seoul Animation Center (서울 애니메이션센터),04631
203,"219, Ogeum-ro, Songpa-gu, Seoul",,1,A02,A0201,A02010700,1747979,76,20121106012023,http://tong.visitkorea.or.kr/cms/resource/46/741946_image2_1.jpg,http://tong.visitkorea.or.kr/cms/resource/46/741946_image3_1.jpg,Type3,127.1178488772,37.5081579775,6,20221229164549,18,+82-2-2147-2800,Seoul Bangidong Ancient Tombs (서울 방이동 고분군),05644
204,"407, Maponaru-gil, Mapo-gu, Seoul",,1,A02,A0202,A02020700,2944095,76,20221207141452,,,,126.8939818053,37.5558484197,6,20230117111012,13,,Seoul Battleship Park (서울함공원),03954
205,"531, Bongeunsa-ro, Gangnam-gu, Seoul",,1,A02,A0201,A02010800,264594,76,20050809012752,,,,127.0577485719,37.5158782211,6,20240517103056,1,+82-2-3218-4800,Seoul Bongeunsa Temple (봉은사 (서울)),06087
206,"161 , Magokdong-ro, Gangseo-gu, Seoul",,1,A01,A0101,A01010700,3006358,76,20230904095240,http://tong.visitkorea.or.kr/cms/resource/60/2658460_image2_1.jpg,http://tong.visitkorea.or.kr/cms/resource/60/2658460_image3_1.jpg,Type3,126.8360144928,37.5692236076,6,20230905195747,4,,Seoul Botanic Park (서울식물원),07789
207,"15, Sejong-daero 21-gil, Jung-gu, Seoul",,1,A02,A0201,A02010900,1911833,76,20140408201354,http://tong.visitkorea.or.kr/cms/resource/49/755849_image2_1.jpg,http://tong.visitkorea.or.kr/cms/resource/49/755849_image3_1.jpg,Type3,126.9760490054,37.5671457978,7,20200330233104,24,+82-2-730-6611,Seoul Cathedral Anglican Church or Korea (대한성공회 서울주교좌성당),04519
208,"216, Neungdong-ro, Gwangjin-gu, Seoul",,1,A02,A0202,A02020600,1051832,76,20100630183910,http://tong.visitkorea.or.kr/cms/resource/02/2028002_image2_1.jpg,http://tong.visitkorea.or.kr/cms/resource/02/2028002_image3_1.jpg,Type3,127.0807288607,37.5494219613,6,20240312094908,6,,Seoul Children's Grand Park (서울어린이대공원),04991
209,"330, Yeouidong-ro, Yeongdeungpo-gu, Seoul",,1,A02,A0202,A02020700,1393354,76,20110929024043,http://tong.visitkorea.or.kr/cms/resource/23/1985223_image2_1.jpg,http://tong.visitkorea.or.kr/cms/resource/23/1985223_image3_1.jpg,Type3,126.9335762510,37.5263247807,6,20210623012113,20,+82-2-3780-0561,Seoul Color Park (서울색공원),07337
210,"101, Daehak-ro, Jongno-gu, Seoul",,1,A02,A0201,A02010700,1748369,76,20121106204053,http://tong.visitkorea.or.kr/cms/resource/29/1554829_image2_1.jpg,http://tong.visitkorea.or.kr/cms/resource/29/1554829_image3_1.jpg,Type3,126.9990326638,37.5797669664,6,20211223194229,23,+82-2-2148-1842,Seoul Daehan Hospital (서울 대한의원),03080
211,"1540 Geumho-dong 4-ga, Seongdong-gu, Seoul",,1,A01,A0101,A01010400,1876942,76,20141230194058,,,,127.0281781551,37.5471796096,6,20240705143215,16,+82-2-2286-6061,Seoul Eungbongsan Mountain (응봉산(서울)),04743
212,"21, Cheonho-daero 4-gil, Dongdaemun-gu, Seoul",,1,A02,A0203,A02030200,1371199,76,20110825022606,http://tong.visitkorea.or.kr/cms/resource/58/1986058_image2_1.jpg,http://tong.visitkorea.or.kr/cms/resource/58/1986058_image3_1.jpg,Type3,127.0254887761,37.5730932173,6,20210812224754,11,+82-2-2232-3368,Seoul Folk Flea Market  - Traditional Arts & Crafts Studio (서울풍물시장 전통문화체험관),02586
213,"273 Ttukseom-ro, Seongdong-gu, Seoul",,1,A01,A0101,A01010500,789696,76,20090828195906,http://tong.visitkorea.or.kr/cms/resource/00/2611300_image2_1.bmp,http://tong.visitkorea.or.kr/cms/resource/00/2611300_image2_1.bmp,Type3,127.0418131384,37.5431247707,6,20240307151046,16,+82-2-460-2905,Seoul Forest (서울숲),04770
214,"21-18, Jeongdong-gil, Jung-gu, Seoul",,1,A02,A0201,A02010700,264475,76,20040303205030,http://tong.visitkorea.or.kr/cms/resource/54/1569254_image2_1.jpg,http://tong.visitkorea.or.kr/cms/resource/54/1569254_image3_1.jpg,Type3,126.9714160575,37.5684261216,6,20200618223359,24,+82-2-3396-5882,Seoul Former Russian Legation (서울 구 러시아공사관),04518
215,"137, Bibong-gil, Jongno-gu, Seoul",,1,A02,A0201,A02010800,1634308,76,20120530200827,http://tong.visitkorea.or.kr/cms/resource/40/1927840_image2_1.jpg,http://tong.visitkorea.or.kr/cms/resource/40/1927840_image3_1.jpg,Type3,126.9534467684,37.6207780461,6,20210817232204,23,+82-2-395-9911,Seoul Geumseonsa Temple (금선사(서울)),03000
216,"111, Baumoe-ro 7-gil, Seocho-gu, Seoul",,1,A02,A0201,A02010800,1930520,76,20140702014941,http://tong.visitkorea.or.kr/cms/resource/66/1928066_image2_1.jpg,http://tong.visitkorea.or.kr/cms/resource/66/1928066_image3_1.jpg,Type3,127.0222641043,37.4737408098,6,20210601184633,15,+82-2-3460-5300,Seoul Gwanmunsa Temple (관문사(서울)),06762
217,"29, Saemunan-ro, Jongno-gu, Seoul",,1,A02,A0201,A02010700,1913218,76,20140412015908,http://tong.visitkorea.or.kr/cms/resource/58/1568458_image2_1.jpg,http://tong.visitkorea.or.kr/cms/resource/58/1568458_image3_1.jpg,Type3,126.9677163958,37.5683899481,6,20210915231358,23,+82-2-735-2038,Seoul Gyeonggyojang House (서울 경교장),03181
218,"88 Samcheong-ro, Jongno-gu, Seoul",,1,A02,A0203,A02030400,3107903,76,20240219183318,http://tong.visitkorea.or.kr/cms/resource/31/3102531_image2_1.jpg,http://tong.visitkorea.or.kr/cms/resource/31/3102531_image3_1.jpg,Type3,126.9819868962,37.5832579211,6,20240305163157,23,,Seoul Hiking Tourism Center - Bugaksan Branch (서울도심등산관광센터(북악산)),03053
219,"5F, 181-7 Ui-dong, Gangbuk-gu, Seoul",,1,A02,A0203,A02030400,2989389,76,20230525100525,,,,127.0097182276,37.6624797624,6,20240305165436,3,+82-1533-2608,Seoul Hiking Tourism Center - Bukhansan Branch (서울도심등산관광센터(북한산)),01002
220,"117, Hwagyesa-gil, Gangbuk-gu, Seoul",,1,A02,A0201,A02010800,1121158,76,20101102225327,http://tong.visitkorea.or.kr/cms/resource/18/1927918_image2_1.jpg,http://tong.visitkorea.or.kr/cms/resource/18/1927918_image3_1.jpg,Type3,127.0073220730,37.6326415233,6,20211102235700,3,+82-2-902-2663,Seoul Hwagyesa Temple (화계사(서울)),01095
221,"177-18 Hyochangwon-ro, Yongsan-gu, Seoul",,1,A02,A0202,A02020700,1747993,76,20121106012330,,,,126.9634757763,37.5450425860,6,20240709104448,21,+82-2-2199-7608,Seoul Hyochang Park (서울 효창공원),04311
222,"916, Madeul-ro, Dobong-gu, Seoul",,1,A01,A0101,A01010700,1256307,76,20110413221938,http://tong.visitkorea.or.kr/cms/resource/23/2356723_image2_1.jpg,http://tong.visitkorea.or.kr/cms/resource/23/2356723_image3_1.jpg,Type3,127.0481278444,37.6893801026,6,20200824204204,10,+82-2-954-0031,Seoul Iris Garden (서울창포원),01318
223,"San 69-1, Mangu-dong, Jungnang-gu, Seoul",,1,A01,A0101,A01010400,1909494,76,20140331191416,http://tong.visitkorea.or.kr/cms/resource/89/1902989_image2_1.jpg,http://tong.visitkorea.or.kr/cms/resource/89/1902989_image3_1.jpg,Type3,127.1056030968,37.5942810870,6,20210210201511,25,+82-2-2094-2395,Seoul Mangusan Mountain (망우산(서울)),02180
224,"424, Olympic-ro, Songpa-gu, Seoul",,1,A02,A0201,A02010200,1747984,76,20121106012128,http://tong.visitkorea.or.kr/cms/resource/14/1567814_image2_1.jpg,http://tong.visitkorea.or.kr/cms/resource/14/1567814_image3_1.jpg,Type3,127.1229758237,37.5209871362,6,20240312174701,18,+82-2-2147-2814,Seoul Mongchontoseong Earthen Fortification (서울 몽촌토성),05540
225,"231 Samil-daero, Jung-gu, Seoul",,1,A02,A0202,A02020700,264320,76,20030109040423,http://tong.visitkorea.or.kr/cms/resource/83/1981983_image2_1.jpg,http://tong.visitkorea.or.kr/cms/resource/83/1981983_image3_1.jpg,Type3,126.9922395197,37.5557113066,6,20240318162141,24,,Seoul Namsan Park (남산공원(서울)),04628
226,"210, Hyeonchung-ro, Dongjak-gu, Seoul",,1,A02,A0201,A02010700,1348621,76,20110802233005,,,,126.9732511193,37.5013561691,6,20240307171012,12,+82-2-813-9625,Seoul National Cemetery (국립서울현충원),06984
227,"110 Sejong-daero, Jung-gu, Seoul",,1,A02,A0202,A02020700,264455,76,20040202232421,,,,126.9780155330,37.5657098894,6,20240619164156,24,+82-2-2133-5640,Seoul Plaza (서울광장),04524
228,"89, Sajik-ro, Jongno-gu, Seoul",,1,A02,A0202,A02020700,1349135,76,20110803195859,http://tong.visitkorea.or.kr/cms/resource/20/1568120_image2_1.jpg,http://tong.visitkorea.or.kr/cms/resource/20/1568120_image3_1.jpg,Type3,126.9676800810,37.5757085419,6,20211112015409,23,+82-2-2148-4149,Seoul Sajik Park (사직공원(서울)),03027
229,"21, Garak-ro 7-gil, Songpa-gu, Seoul",,1,A02,A0201,A02010700,1747995,76,20121106012434,http://tong.visitkorea.or.kr/cms/resource/89/203889_image2_1.jpg,http://tong.visitkorea.or.kr/cms/resource/89/203889_image3_1.jpg,Type3,127.1028309684,37.5021945110,6,20210226172823,18,+82-2-421-0970,Seoul Seokchon-dong Ancient Tombs (서울 석촌동 고분군),05682
230,Seoul Sillim-dong Minsok Sundae Town (서울 신림동 민속순대타운),,1,A02,A0203,A02030600,3099564,76,20031209090000,,,,126.9287890094,37.4833519091,6,20240215112322,5,,Seoul Sillim-dong Minsok Sundae Town (서울 신림동 민속순대타운),08776
231,"105, Namsangongwon-gil, Yongsan-gu, Seoul",,1,A02,A0205,A02050600,2401804,76,20160818014411,http://tong.visitkorea.or.kr/cms/resource/86/2401286_image2_1.jpg,http://tong.visitkorea.or.kr/cms/resource/86/2401286_image3_1.jpg,Type3,126.9878594933,37.5511312042,,20160818222710,21,,Seoul Tower Plaza (서울타워 플라자),04340
232,"49 Jadongchasijang-gil, Seongdong-gu, Seoul",,1,A02,A0204,A02040800,3078769,76,20231216204107,,,,127.0578195730,37.5586760298,,20240105143645,16,,Seoul Upcycling Plaza (서울새활용플라자),04807
233,"447-1, Cheongpa-ro, Jung-gu, Seoul",,1,A02,A0201,A02010900,1930523,76,20140702020510,http://tong.visitkorea.or.kr/cms/resource/81/1981981_image2_1.jpg,http://tong.visitkorea.or.kr/cms/resource/81/1981981_image3_1.jpg,Type3,126.9674194623,37.5591437954,6,20200326020220,24,+82-2-362-1891,Seoul Yakhyeon Catholic Church (서울 약현성당),04506
234,"432, Cheongpa-ro, Jung-gu, Seoul",,1,A02,A0202,A02020700,2497803,76,20170627231008,,,,126.9706609645,37.5545193912,6,20240320105553,24,+82-2-120,Seoullo 7017 (서울로 7017),04509
235,"7-1, Insadong-gil, Jongno-gu, Seoul",,1,A02,A0201,A02010900,1701767,76,20120828011023,http://tong.visitkorea.or.kr/cms/resource/21/1568421_image2_1.jpg,http://tong.visitkorea.or.kr/cms/resource/21/1568421_image3_1.jpg,Type3,126.9863146199,37.5712538383,6,20200402021747,23,+82-2-732-2340,Seungdong Church (승동교회),03164
236,"159 Cheonggyecheon-ro, Jongno-gu, Seoul",,1,A02,A0204,A02040800,3074200,76,20180717023419,,,,126.9952249747,37.5692681185,6,20231222153707,23,,Sewoon Plaza (세운상가),03194
237,"10-18, Dasan-ro 33-gil, Jung-gu, Seoul",,1,A02,A0203,A02030400,1838143,76,20130815021816,http://tong.visitkorea.or.kr/cms/resource/49/2660049_image2_1.jpg,http://tong.visitkorea.or.kr/cms/resource/49/2660049_image3_1.jpg,Type3,127.0146094960,37.5630580770,6,20221025144230,24,+82-2-2236-9135,Sindang-dong Tteokbokki Town (신당동떡볶이골목),04611
238,"Sinsa-dong, Gangnam-gu, Seoul",,1,A02,A0203,A02030600,1323377,76,20110704192531,,,,127.0227543748,37.5215324916,6,20221216135645,1,+82-2-3445-0111,Sinsa-dong Garosu-gil Road (신사동 가로수길),06028
239,"65, Eulji-ro, Jung-gu, Seoul",,1,A02,A0204,A02040900,1865060,76,20131129004237,http://tong.visitkorea.or.kr/cms/resource/00/2512100_image2_1.jpg,http://tong.visitkorea.or.kr/cms/resource/00/2512100_image2_1.jpg,Type3,126.9853648438,37.5663960530,6,20240306165918,24,+82-2-6353-6665,SK Telecom T.um (SK텔레콤 미래기술체험관 T.um(티움)),04539
240,"2085-14, Olympic-daero, Seocho-gu, Seoul",,1,A02,A0202,A02020600,1013413,76,20100503230316,,,,126.9951432925,37.5111915303,6,20221216111040,15,+82-1566-3433,Some Sevit (세빛섬),06500
241,"Baekjegobun-ro 43-gil, Songpa-gu, Seoul, and surrounding areas",,1,A02,A0203,A02030600,3033225,76,20230720161035,http://tong.visitkorea.or.kr/cms/resource/19/2995119_image2_1.jpg,http://tong.visitkorea.or.kr/cms/resource/19/2995119_image3_1.jpg,Type3,127.1082358354,37.5091382462,6,20231107122334,18,,Songnidan-gil Street (송리단길),05622
242,"136 Samhaksa-ro, Songpa-gu, Seoul",,1,A02,A0202,A02020700,1542646,76,20120121012732,http://tong.visitkorea.or.kr/cms/resource/95/2933695_image2_1.bmp,http://tong.visitkorea.or.kr/cms/resource/95/2933695_image3_1.bmp,Type3,127.0979728676,37.5095713442,6,20240307145545,18,,Songpa Naru Park (Seokchonhosu Lake) (송파나루공원 (석촌호수)),05608
243,"416 Yeongdong-daero, Gangnam-gu, Seoul",,1,A02,A0202,A02020300,3114291,76,20200623185036,,,,127.0653425868,37.5066377643,6,20240419133334,1,,Spa 1899 Donginbi (SPA 1899 동인비),06176
244,"406, Gangnam-daero, Gangnam-gu, Seoul",,1,A02,A0202,A02020300,1459282,76,20111129023532,,,,127.0276129057,37.4989324255,,20170721234822,1,+82-2-3481-1001,Spa In New York (스파인뉴욕 (SPA IN NEWYORK)),06134
245,"5, Gangnam-daero 107-gil, Seocho-gu, Seoul",,1,A02,A0202,A02020400,610302,76,20080818221947,http://tong.visitkorea.or.kr/cms/resource/72/2024972_image2_1.jpg,http://tong.visitkorea.or.kr/cms/resource/72/2024972_image3_1.jpg,Type3,127.0182354456,37.5178689471,6,20220919131718,15,+82-2-545-4002,Spa Lei (스파레이),06524
246,"44, Insadong-gil, Jongno-gu, Seoul",,1,A02,A0203,A02030600,2706156,76,20210216182027,http://tong.visitkorea.or.kr/cms/resource/58/2530758_image2_1.jpg,http://tong.visitkorea.or.kr/cms/resource/58/2530758_image2_1.jpg,Type3,126.9848924403,37.5743173457,6,20240304145447,23,+82-2-736-0088,Ssamzigil (쌈지길),03146
247,"175, Sejong-daero, Jongno-gu, Seoul",,1,A02,A0205,A02050400,1382517,76,20110908230004,http://tong.visitkorea.or.kr/cms/resource/09/1568209_image2_1.jpg,http://tong.visitkorea.or.kr/cms/resource/09/1568209_image3_1.jpg,Type3,126.9769182186,37.5724868597,6,20240304150048,23,,Statue of Admiral Yi Sun-Shin (충무공 이순신 동상),03172
248,"1, Daesagwan-ro, Seongbuk-gu, Seoul",,1,A02,A0201,A02010300,264623,76,20070526005659,http://tong.visitkorea.or.kr/cms/resource/17/2360917_image2_1.jpg,http://tong.visitkorea.or.kr/cms/resource/17/2360917_image3_1.jpg,Type3,126.9834141581,37.5968646977,6,20200619012333,17,+82-2-747-2152,Sukjeongmun Gate (북악산 숙정문),02822
249,"40, Sejong-daero, Jung-gu, Seoul",,1,A02,A0201,A02010300,264257,76,20030109032423,http://tong.visitkorea.or.kr/cms/resource/01/1945801_image2_1.jpg,http://tong.visitkorea.or.kr/cms/resource/01/1945801_image3_1.jpg,Type3,126.9752992762,37.5599855058,6,20230223111206,24,+82-2-779-8547,Sungnyemun Gate (숭례문),04528
250,서울특별시 마포구 망원동 205-5,1층,1,A03,A0301,A03010200,2992450,76,20230702143442,http://tong.visitkorea.or.kr/cms/resource/71/2992271_image2_1.jpg,http://tong.visitkorea.or.kr/cms/resource/71/2992271_image3_1.jpg,Type1,126.8962955329,37.5540681124,6,20230704123929,13,,Sunset Leisure 435 (썬셋레저 435),04005
251,"75-7 Bongwonsa-gil, Seodaemun-gu, Seoul",,1,A02,A0202,A02020400,3110038,76,20231121153901,http://tong.visitkorea.or.kr/cms/resource/18/3045418_image2_1.jpg,http://tong.visitkorea.or.kr/cms/resource/18/3045418_image3_1.jpg,Type1,126.9456600180,37.5703504364,6,20240318160150,14,,Supsok Hanbang Land (숲속한방랜드),03721
252,"San 1-1, Sanggye-dong, Nowon-gu, Seoul",,1,A01,A0101,A01010400,1253587,76,20110411182024,http://tong.visitkorea.or.kr/cms/resource/94/739094_image2_1.jpg,http://tong.visitkorea.or.kr/cms/resource/94/739094_image3_1.jpg,Type3,127.0732589963,37.6854837875,6,20210601203413,9,+82-2-2116-3943,Suraksan Mountain (수락산),01622
253,"185-3, Ogin-dong, Jongno-gu, Seoul 서울특별시 종로구 옥인동",,1,A01,A0101,A01010900,2997840,76,20230816144224,http://tong.visitkorea.or.kr/cms/resource/15/2780615_image2_1.png,http://tong.visitkorea.or.kr/cms/resource/15/2780615_image2_1.png,Type3,126.9631997475,37.5822799198,6,20230817100032,23,,Suseongdonggyegok Valley (수성동계곡),03034
254,"681, Hwarang-ro, Nowon-gu, Seoul",,1,A02,A0201,A02010700,264114,76,20021227005517,http://tong.visitkorea.or.kr/cms/resource/16/2658216_image2_1.jpg,http://tong.visitkorea.or.kr/cms/resource/16/2658216_image3_1.jpg,Type3,127.0971582841,37.6341401904,6,20220919112034,9,+82-2-972-0370,Taereung and Gangneung Royal Tombs [UNESCO World Heritage] (서울 태릉과 강릉 [유네스코 세계문화유산]),01794
255,"99, Jong-ro, Jongno-gu, Seoul",,1,A02,A0202,A02020700,264603,76,20050823020207,http://tong.visitkorea.or.kr/cms/resource/59/2601459_image2_1.jpg,http://tong.visitkorea.or.kr/cms/resource/59/2601459_image3_1.jpg,Type3,126.9883005554,37.5710594522,6,20240304155210,23,+82-2-731-0534,Tapgol Park (탑골공원),03140
256,"56, Ujeongguk-ro, Jongno-gu, Seoul",,1,A02,A0206,A02060300,1729904,76,20121008234002,,,,126.9831814961,37.5739312489,6,20221017141130,23,+82-2-2031-2000,Templestay Information Center (템플스테이 홍보관),03145
257,"37 Samcheong-ro, Jongno-gu, Seoul",,1,A02,A0204,A02040800,3107784,76,20190703013858,,,,126.9789455538,37.5816163907,,20240304160420,23,,The Children’s Museum of the National Folk Museum of Korea (국립민속박물관&국립민속박물관 어린이박물관),03045
258,"1, Uisadang-daero, Yeongdeungpo-gu, Seoul",,1,A02,A0205,A02050600,264132,76,20030103194820,http://tong.visitkorea.or.kr/cms/resource/61/1811361_image2_1.jpg,http://tong.visitkorea.or.kr/cms/resource/61/1811361_image3_1.jpg,Type3,126.9142167446,37.5319710006,6,20240229153723,20,+82-2-788-2114,The National Assembly Building (국회의사당),07233
259,"18 Bukchon-ro, Jongno-gu, Seoul",,1,A02,A0206,A02060300,3080695,76,20231218104733,http://tong.visitkorea.or.kr/cms/resource/15/2391515_image2_1.jpg,http://tong.visitkorea.or.kr/cms/resource/15/2391515_image2_1.jpg,Type3,126.9858672342,37.5784557709,6,20240112094150,23,,The Sool Gallery (전통주갤러리),03059
260,"Gungjeong-dong, Jongno-gu, Seoul",,1,A02,A0203,A02030400,1846453,76,20130925015302,http://tong.visitkorea.or.kr/cms/resource/39/1796339_image2_1.jpg,http://tong.visitkorea.or.kr/cms/resource/39/1796339_image3_1.jpg,Type3,126.9737681926,37.5835410742,6,20200321010146,23,+82-2-120,The Street in front of Cheongwadae (The Blue House) (청와대 앞길),03042
261,"139 Gangbyeonbuk-ro, Gwangjin-gu, Seoul",,1,A02,A0202,A02020700,1060117,76,20100715191746,,,,127.0739744885,37.5294074983,6,20240709112918,6,+82-2-3780-0521,Ttukseom Hangang Park (뚝섬한강공원),05097
262,"Ui-dong, Gangbuk-gu, Seoul",,1,A01,A0101,A01010900,1933089,76,20140710020354,http://tong.visitkorea.or.kr/cms/resource/61/739061_image2_1.jpg,http://tong.visitkorea.or.kr/cms/resource/61/739061_image3_1.jpg,Type3,127.0047072778,37.6728562427,6,20210609202712,3,+82-2-909-0497,Uidonggyegok Valley (우이동계곡),"142-090,1"
263,"146-20, Hwarang-ro 32-gil, Seongbuk-gu, Seoul",,1,A02,A0201,A02010700,778924,76,20090817182624,http://tong.visitkorea.or.kr/cms/resource/80/2690680_image2_1.jpg,http://tong.visitkorea.or.kr/cms/resource/80/2690680_image3_1.jpg,Type3,127.0582349259,37.6035486003,6,20210603223940,17,+82-2-964-0579,"Uireung Royal Tomb [UNESCO World Heritage] (서울 의릉(경종, 선의왕후) [유네스코 세계문화유산])",02789
264,"464, Samil-daero, Jongno-gu, Seoul",,1,A02,A0201,A02010100,264223,76,20030109030920,http://tong.visitkorea.or.kr/cms/resource/71/924371_image2_1.jpg,http://tong.visitkorea.or.kr/cms/resource/71/924371_image3_1.jpg,Type3,126.9871421746,37.5764588036,6,20240304150357,23,+82-2-766-9090,Unhyeongung Royal Residence (서울 운현궁),03131
265,"192, Waryonggongwon-gil, Jongno-gu, Seoul",,1,A02,A0202,A02020700,1061789,76,20100720012520,http://tong.visitkorea.or.kr/cms/resource/93/1395493_image2_1.jpg,http://tong.visitkorea.or.kr/cms/resource/93/1395493_image3_1.jpg,Type3,126.9901581479,37.5912265856,6,20200708185049,23,+82-2-2148-2845,Waryong Park (와룡공원),03063
266,"27, Wangsimni-ro, Seongdong-gu, Seoul",,1,A02,A0204,A02040800,2655852,76,20200511192131,http://tong.visitkorea.or.kr/cms/resource/77/1570777_image2_1.jpg,http://tong.visitkorea.or.kr/cms/resource/77/1570777_image3_1.jpg,Type3,127.0422909651,37.5398751565,6,20210310194754,16,+82-2-3146-5936,Waterworks Museum (수도박물관),04770
267,"52, Hakdong-ro 21-gil, Gangnam-gu, Seoul",,1,A02,A0202,A02020300,2482113,76,20170222192343,http://tong.visitkorea.or.kr/cms/resource/11/2480911_image2_1.jpg,http://tong.visitkorea.or.kr/cms/resource/11/2480911_image2_1.jpg,Type3,127.0263125315,37.5163414918,,20170722000528,1,,Whoo (后) SPA (후(后)스파),06042
268,"524, Bongeunsa-ro, Gangnam-gu, Seoul",,1,A02,A0202,A02020300,1024874,76,20100519181511,,,,127.0570876042,37.5129285520,4,20170721233728,1,+82-2-3466-8100,Will Spa (윌스파),06164
269,"16 Haedeung-ro 32ga-gil, Dobong-gu, Seoul",,1,A02,A0202,A02020700,3099680,76,20201007055313,http://tong.visitkorea.or.kr/cms/resource/93/2675093_image2_1.jpg,http://tong.visitkorea.or.kr/cms/resource/93/2675093_image2_1.jpg,Type3,127.0222976961,37.6603469037,6,20240215140447,10,,Wondangsaem Park (원당샘공원),01360
270,"243-60, World Cup-ro, Mapo-gu, Seoul",,1,A02,A0202,A02020700,264454,76,20040202223441,,,,126.8824101471,37.5732600775,6,20221215111835,13,+82-2-120,World Cup Park (월드컵공원),03900
271,"53, Yangcheon-ro 47na-gil, Gangseo-gu, Seoul",,1,A02,A0201,A02010700,1887239,76,20140120185329,http://tong.visitkorea.or.kr/cms/resource/18/2661818_image2_1.jpg,http://tong.visitkorea.or.kr/cms/resource/18/2661818_image2_1.jpg,Type3,126.8400029129,37.5729593554,6,20210106201727,4,+82-2-2659-0076,Yangcheonhyanggyo Local Confucian School (양천향교),07521
272,"221, Nodeul-ro, Yeongdeungpo-gu, Seoul",,1,A02,A0202,A02020700,1064294,76,20100723224239,,,,126.9024120879,37.5382728352,6,20221216094932,20,+82-2-3780-0581,Yanghwa Hangang Park (한강시민공원 양화지구(양화한강공원)),07231
273,"Baumoe-ro 12-gil, Seocho-gu, Seoul",,1,A01,A0101,A01010500,1939681,76,20140807195418,http://tong.visitkorea.or.kr/cms/resource/18/1900718_image2_1.jpg,http://tong.visitkorea.or.kr/cms/resource/18/1900718_image3_1.jpg,Type3,127.0306357916,37.4656835620,6,20171223022651,15,,Yangjaecheon Ecological Park (양재천 생태공원),06769
274,"72, Jangchungdan-ro, Jung-gu, Seoul",,1,A02,A0206,A02061100,616983,76,20080901203156,http://tong.visitkorea.or.kr/cms/resource/04/696904_image2_1.jpg,http://tong.visitkorea.or.kr/cms/resource/04/696904_image3_1.jpg,Type3,127.0026581340,37.5515258689,6,20220919110254,24,+82-2-2253-2211,Yejiwon (예지원),04605
275,"90, Hongneung-ro, Dongdaemun-gu, Seoul",,1,A02,A0201,A02010700,264112,76,20021227003151,http://tong.visitkorea.or.kr/cms/resource/99/1985599_image2_1.jpg,http://tong.visitkorea.or.kr/cms/resource/99/1985599_image3_1.jpg,Type3,127.0435644361,37.5896471740,6,20210312011838,11,+82-2-962-0556,Yeonghwiwon and Sunginwon Royal Tombs (서울 영휘원(순헌황귀비)과 숭인원(이진)),02456
276,"Yeonnam-dong, Mapo-gu, Seoul",,1,A02,A0203,A02030400,2484384,76,20170309014211,http://tong.visitkorea.or.kr/cms/resource/23/3109623_image2_1.JPG,http://tong.visitkorea.or.kr/cms/resource/23/3109623_image3_1.JPG,Type3,126.9236317158,37.5616621632,,20240319145600,13,,Yeonnam-dong (연남동),03984
277,"Area of Yeonse-ro, Sedaemun-gu, Seoul",,1,A02,A0203,A02030400,264376,76,20031023232109,http://tong.visitkorea.or.kr/cms/resource/05/1505605_image2_1.jpg,http://tong.visitkorea.or.kr/cms/resource/05/1505605_image3_1.jpg,Type3,126.9365529264,37.5557797448,6,20221025153633,14,+82-2-120,Yeonsero (Yonsei University Street) (연세로),03789
278,"330, Yeouidong-ro, Yeongdeungpo-gu, Seoul",,1,A02,A0202,A02020700,1064767,76,20100726184714,,,,126.9336123570,37.5263886632,6,20230614112438,20,+82-2-3780-0561,Yeouido Hangang Park (여의도한강공원),07337
279,"68, Yeouigongwon-ro, Yeongdeungpo-gu, Seoul",,1,A02,A0202,A02020700,264340,76,20030109181517,,,,126.9202635904,37.5257801616,6,20240408170027,20,,Yeouido Park (여의도공원),07243
280,"48, Yeouidong-ro, Yeongdeungpo-gu, Seoul",,1,A01,A0101,A01010500,1751257,76,20121113203752,http://tong.visitkorea.or.kr/cms/resource/57/1918857_image2_1.jpg,http://tong.visitkorea.or.kr/cms/resource/57/1918857_image3_1.jpg,Type3,126.9218442005,37.5187393412,6,20210614222148,20,+82-2-3780-0570,Yeouido Saetgang Ecological Park (여의도샛강생태공원),07323
281,"159, Salgoji-gil, Seongdong-gu, Seoul",,1,A02,A0205,A02050100,2475437,76,20170113233015,http://tong.visitkorea.or.kr/cms/resource/75/2473875_image2_1.jpg,http://tong.visitkorea.or.kr/cms/resource/75/2473875_image3_1.jpg,Type3,127.0505534575,37.5625810007,,20170224005244,16,,Yongdap Station Pedestrian Bridge (용답역 육교),04761
282,"250-12 Yongmasan-ro, Jungnang-gu, Seoul",,1,A02,A0202,A02020700,3103098,76,20031029090000,,,,127.0906494851,37.5738526356,6,20240220162548,25,,Yongma Falls Park (용마폭포공원),02257
283,"118 Mangu-ro 70-gil, Jungnang-gu, Seoul",,1,A02,A0202,A02020600,3110049,76,20231108151844,,,,127.1045448519,37.5945671459,6,20240318161159,25,,Yongma Land (용마랜드),02180
284,"53, Yongmasan-ro 62-gil, Jungnang-gu, Seoul",,1,A01,A0101,A01010400,2470382,76,20161230002746,http://tong.visitkorea.or.kr/cms/resource/89/1894589_image2_1.jpg,http://tong.visitkorea.or.kr/cms/resource/89/1894589_image3_1.jpg,Type3,127.0948573105,37.5782494228,6,20210618224500,25,+82-2-2094-2344,Yongmasan Mountain (용마산),02260
285,"185, Seobinggo-ro, Yongsan-gu, Seoul",,1,A02,A0202,A02020700,264131,76,20030103192040,,,,126.9845717812,37.5201069720,6,20221215162116,21,+82-2-792-5660,Yongsan Family Park (용산가족공원),04383
286,"143, Mokdongjungang-ro, Yangcheon-gu, Seoul",,1,A02,A0202,A02020700,2470380,76,20161230001327,http://tong.visitkorea.or.kr/cms/resource/65/2611465_image2_1.jpg,http://tong.visitkorea.or.kr/cms/resource/65/2611465_image2_1.jpg,Type3,126.8777336167,37.5441383795,6,20190829010557,19,+82-2-2620-3579,Yongwangsan Neighborhood Park (용왕산근린공원),07971
287,"537, Dosan-daero, Gangnam-gu, Seoul",(Cheongdam-dong),1,A02,A0202,A02020300,1964952,76,20141114202921,http://tong.visitkorea.or.kr/cms/resource/39/1964939_image2_1.jpg,http://tong.visitkorea.or.kr/cms/resource/39/1964939_image2_1.jpg,Type3,127.0523543553,37.5251631576,,20160727201935,1,+82-2-512-8967,Zakyntos Global Spa Club - Cheongdam Main Branch (자킨토스 청담본점),06013
