,공고 제목,기업 이름,도메인,기업 규모,사원수,설립 연도,요구 경력,요구 학력,스킬,고용 형태,급여,지역
0,데이터 엔지니어 (경력),나무기술㈜,응용소프트웨어개발및공급업,중소기업 (코스닥),140명,2016년(9년차),경력 (3년이상),학력무관,"AWS,Python,SQL,Streamlit,Snowflake",정규직,회사내규에따름,서울시강서구
1,[메이플그룹] 데이터 엔지니어 (DW),㈜넥슨,컴퓨터·하드웨어·장비,대기업 (비상장),"3,500명",1994년(31년차),경력무관,학력무관,명시되어있지않음,정규직,회사내규에따름,경기도성남시분당구
2,[인텔리전스랩스] 분석지원팀 데이터 엔지니어,㈜넥슨,컴퓨터·하드웨어·장비,대기업 (비상장),"3,500명",1994년(31년차),경력무관,학력무관,명시되어있지않음,정규직,회사내규에따름,경기도성남시분당구
3,[중고나라] 데이터 엔지니어 (1 - 3년),중고나라,쇼핑몰·오픈마켓·소셜커머스,벤처기업 (비상장),150명,2014년(11년차),경력 (1년이상),대졸이상,"API,AWS,ElasticStack,Python,RDBMS,Spark,SQL",정규직,회사내규에따름 -면접후결정,"서울시서초구 ,서울전지역"
4,"[서울 본사 및 부산, 원주] 데이터 엔지니어 / Data Architect 채용 공고",펜타시스템테크놀러지㈜,솔루션·SI·CRM·ERP,중소기업 (비상장),330명,1987년(38년차),경력 (2년이상),대졸이상,"JAVA,Python,Linux,ETL,Snowflake",정규직수습3개월   계약직근무기간협의 정규직전환가능,회사내규에따름 -면접후결정,서울시영등포구
5,[기술혁신사업부] 데이터 엔지니어,㈜오픈놀,응용소프트웨어개발및공급업,중소기업 (코스닥),137명,2012년(13년차),경력 (2년이상),학력무관,"AWS,Git,Javascript,React,GitHub",정규직수습1개월,회사내규에따름 -면접후결정,서울시마포구
6,데이터 엔지니어 채용(경력직),㈜디앤에스에버,응용소프트웨어개발및공급업,중소기업 (비상장),50명,2013년(12년차),경력 (3년이상),학력무관,"AWS,Git,PostgreSQL,Python,Tableau,Airflow,clickhouse,MWAA",정규직수습3개월,회사내규에따름 -면접후결정,서울시강남구
7,BI 개발 및 데이터 엔지니어 모집,㈜지음테크넷,컴퓨터시스템통합자문및구축서비스업,중소기업 (비상장),13명,2018년(7년차),경력 (7년이상),초대졸이상,"JAVA,Python,SQL",프리랜서,회사내규에따름 -면접후결정,서울시중구
8,[주식회사 헥토] 데이터 엔지니어 채용 Data Engineer (경력 3년 이상),㈜헥토,컨설팅·연구·조사,중견기업 (비상장),명시되어있지않음,2019년(6년차),경력 (3년이상),대졸이상,"JAVA,MongoDB,Pytorch,SpringBoot,CRM,Snowflake,bigquery",정규직,회사내규에따름 -면접후결정,서울시강남구
9,데이터엔지니어 채용,㈜써티웨어,시스템소프트웨어개발및공급업,중소기업 (비상장),110명,2009년(16년차),경력무관,초대졸이상,"SQL,DBMS,DW,ETL,OLAP",정규직수습기간협의,회사내규에따름 -면접후결정,서울시송파구
10,데이터 엔지니어 (인턴),㈜딥세일즈,응용소프트웨어개발및공급업,중소기업 (비상장),16명,2021년(4년차),경력무관,대졸이상,"Hadoop,Spark,Airflow,AWSAthena,BigQuery,ETL,LLM",인턴근무기간6개월 정규직전환가능,회사내규에따름 -면접후결정,서울시강남구
11,[Qoo10] 데이터 엔지니어 (경력),㈜큐텐 코리아,전자상거래소매중개업,중소기업 (-),명시되어있지않음,명시되어있지않음,경력 (5년이상),학력무관,"GCP,Hadoop,JAVA,MongoDB,Python,Scala,Spark,Linux,ETL",정규직,회사내규에따름 -면접후결정,서울시강남구
12,데이터 엔지니어 채용,로민,솔루션·SI·CRM·ERP,벤처기업 (비상장),38명,2018년(7년차),경력 (5년이상),대졸이상,Python,정규직수습3개월,"연봉5,000만원이상 -면접후결정",서울시서초구
13,[LG그룹] DW 데이터엔지니어 경력 채용,㈜비즈테크아이,컴퓨터시스템통합자문및구축서비스업,대기업 (비상장),780명,2003년(22년차),경력 (1년이상),대졸이상,명시되어있지않음,정규직   계약직,회사내규에따름 -면접후결정,"서울시마포구 ,서울전지역"
14,[LOST ARK] 게임 데이터엔지니어 담당,㈜스마일게이트알피지,게임·애니메이션,중견기업 (비상장),590명,2011년(14년차),경력 (1년이상),학력무관,"Django,Flask,Hadoop,JAVA,Keras,Python,Pytorch,Scala,SQL,Tensorflow",정규직수습3개월,회사내규에따름 -면접후결정,경기도성남시분당구
15,데이터 엔지니어(MS) 채용(신입/경력),엠클라우드브리지㈜,시스템소프트웨어개발및공급업,중소기업 (비상장),56명,2022년(3년차),신입·경력 (1년이상),학력무관,"AWS,Azure,JAVA,MongoDB,MSSQL,Python,R,SQL,Excel,POWERBI",정규직수습3개월,"연봉3,700만원이상",서울시강남구
16,데이터 엔지니어,로민,솔루션·SI·CRM·ERP,벤처기업 (비상장),38명,2018년(7년차),경력 (5년이상),대졸이상,"AWS,Docker,Pandas,PostgreSQL,Python,Airflow",정규직,회사내규에따름,서울시서초구
17,"데이터 엔지니어, 소프트웨어 개발자(JAVA) 채용",디딤365㈜ (Didim365 Inc.),응용소프트웨어개발및공급업,중소기업 (비상장),195명,2005년(20년차),경력 (3년이상),초대졸이상,"JAVA,React,Spring,SpringBoot,SQL,GitLab,IntelliJ,extjs,fast-api",정규직수습3개월,회사내규에따름 -면접후결정,서울시성동구
18,[컬리페이] 데이터 엔지니어 (Data Engineer),㈜컬리,전자상거래소매업,중견기업 (비상장),"2,624명",2015년(10년차),경력 (7년이상),학력무관,명시되어있지않음,정규직,회사내규에따름,서울시강남구
19,[테크사업부] 데이터 엔지니어,㈜매드업,광고·홍보·전시,벤처기업 (비상장),301명,2015년(10년차),경력 (1년이상),대졸이상,"API,AWS,Django,Python,Airflow,Fastapi",정규직수습3개월,회사내규에따름 -면접후결정,서울시강남구
20,데이터솔루션엔지니어 수행 팀원 담당자 (신입),㈜넷스루,솔루션·SI·CRM·ERP,벤처기업 (비상장),69명,1999년(26년차),신입,초대졸이상,"Javascript,SQL,Linux",정규직수습3개월,회사내규에따름,서울시성동구
21,데이터솔루션엔지니어 수행 팀원 담당자 (경력),㈜넷스루,솔루션·SI·CRM·ERP,벤처기업 (비상장),69명,1999년(26년차),경력 (1년이상),학력무관,"JAVA,Javascript,Python,R,SAS,SAP,QUERY",정규직수습3개월,회사내규에따름,서울시성동구
22,[Qoo10] 데이터분석 엔지니어 (경력),㈜큐텐 코리아,전자상거래소매중개업,중소기업 (-),명시되어있지않음,명시되어있지않음,경력 (3년이상),학력무관,"GCP,Hadoop,MySQL,Python,SQL,Tableau,Hive,DataStage,ETL,MSTR",정규직,회사내규에따름 -면접후결정,서울시강남구
23,"빅데이터 플랫폼 Splunk 구축, 데이터 분석 및 개발 엔지니어 채용",㈜바이텍씨스템,솔루션·SI·CRM·ERP,중소기업 (비상장),70명,1988년(37년차),경력,대졸이상,Python,정규직수습3개월,회사내규에따름 -면접후결정,경기도성남시분당구
24,[급구] 부산시 마이크로 소프트 데이터 센타 엔지니어 사무업무 서프트 ㈜비엠코리아,㈜비엠코리아,시설관리·보안·경비,중소기업 (비상장),220명,2004년(21년차),경력무관,학력무관,"Excel,PowerPoint,워드,OA,MicrosoftOffice",프리랜서근무기간3개월,월급240~240만원,부산강서구
25,[워라밸]데이터복구엔지니어모십니다.,컴퓨터수리,컴퓨터·하드웨어·장비,중소기업 (비상장),33명,2010년(15년차),경력무관,학력무관,명시되어있지않음,정규직   계약직   프리랜서,월급400~850만원,경기도남양주시
26,[춘천]데이터복구및맥북AS엔지니어모집(거주지우선),컴퓨터수리,컴퓨터·하드웨어·장비,중소기업 (비상장),38명,2012년(13년차),경력무관,학력무관,명시되어있지않음,정규직   계약직   프리랜서,월급400~700만원,강원도춘천시
27,2024년 상반기 채용연계형 신입인턴 채용,㈜웅진,지주회사,중견기업 (코스피),884명,1983년(42년차),신입,대졸이상(졸업예정자가능),"JAVA,SpringBoot,SQL,영어,webframework,PLSQL,ResfullAPI",인턴근무기간2개월 정규직전환가능,월급230만원이상,서울시중구
28,하나펀드서비스㈜ 각 부문 신입 및 경력  채용,하나펀드서비스㈜,은행·금융,대기업계열사·자회사 (비상장),135명,2003년(22년차),신입·경력,대졸이상(졸업예정자가능),"JAVA,J-vascript",정규직수습3개월   계약직,회사내규에따름 [신입연봉:5천만원내외],"서울시중구 ,강북구 ,광진구 ,동대문구 ,서대문구 ,성동구 ,용산구 ,종로구 ,인천시서구 ,동구 ,부평구 ,연수구 ,미추홀구 ,중구"
29,"[풀무원] ORGA 점장후보, 상품기획, 조리사",㈜올가홀푸드,백화점·유통·도소매,대기업계열사·자회사 (비상장),260명,1981년(44년차),신입·경력,고졸이상상세요강참조,명시되어있지않음,정규직수습3개월,회사내규에따름 -면접후결정,"서울시송파구 ,서울전지역 ,강남구 ,강동구 ,서초구 ,경기전지역 ,용인시기흥구 ,용인시수지구 ,용인시처인구"
30,로지스올시스템즈 신입/경력사원 채용 (IT시스템 개발),로지스올그룹,기타운송장비임대업,중견기업 (비상장),970명,1985년(40년차),신입·경력 (1년이상) 직무별,대졸이상,"C#,Flutter,JAVA,Javascript,Oracle,Python,React,Spring,Vue.js,Nexacro",정규직,회사내규에따름 -면접후결정,"서울시마포구 ,서울전지역"
31,㈜웨이버스·(주)웨이텍 4차 수시채용,㈜웨이버스,솔루션·SI·CRM·ERP,중소기업 (코스닥상장),280명,2004년(21년차),신입·경력,대졸이상,명시되어있지않음,정규직,"연봉3,500만원이상 -면접후결정대졸초임기준",서울시구로구
32,[SPC그룹][Secta9ine] 각 부문 경력사원 채용,(주)섹타나인,네트워크·통신서비스,중견기업 (비상장),305명,2006년(19년차),경력 (2년이상) 직무별상이,대졸이상,"Python,SAS,SQL,Figma,PowerPoint,Illustrator,Photoshop,애프터이펙트,OA",정규직,회사내규에따름 -면접후결정,서울시강남구
33,2024 기아 월간 경력채용,기아㈜,자동차·조선·철강·항공,대기업 (비상장),명시되어있지않음,1944년(81년차),경력,대졸이상,"Figma,PowerPoint,Illustrator,Photoshop,영어회화,일본어,중국어,프랑스어,CERT,CISA자격,CISSP자격,MicrosoftOffice,TOEIC,정보보안기사자격,word",정규직,회사내규에따름 -면접후결정,"서울전지역 ,경기전지역 ,화성시"
34,2024년 신입/경력 채용,㈜단군소프트,솔루션·SI·CRM·ERP,중소기업 (비상장),51명,2002년(23년차),신입·경력 직무별상이,학력무관직무별상이,"Excel,PowerPoint",정규직수습3개월,회사내규에따름 -면접후결정,"서울시서초구 ,서울전지역 ,강남구 ,강동구 ,관악구 ,광진구 ,구로구 ,금천구 ,동대문구 ,동작구 ,마포구 ,송파구 ,영등포구 ,용산구 ,경기도과천시"
35,㈜비알팜 QA/QC팀장/디자인/공무/ 생산관리/원료생산/생산부/임상 직원 채용,㈜비알팜,제약·보건·바이오,중소기업 (비상장),99명,2005년(20년차),경력무관 직무별상이,대졸이상직무별상이,"Illustrator,Photoshop",정규직   계약직근무기간3개월,회사내규에따름 -면접후결정,강원도원주시
36,2024년 SFA 공개채용 (경력 및 신입),㈜에스에프에이,반도체·디스플레이·광학,중견기업 (코스닥상장),750명,1998년(27년차),신입·경력,대졸이상,"C#,C++,Hadoop,JAVA,Javascript,Kafka,Python,Spark,Linux,AutoCAD",정규직수습3개월,회사내규에따름 -면접후결정,"경기도화성시 ,충남아산시"
37,2024년 신규(신입/경력)직원 모집,㈜한국무역정보통신,솔루션·SI·CRM·ERP,중소기업 (비상장),180명,1991년(34년차),신입·경력 (3년이상),대졸이상(졸업예정자가능),명시되어있지않음,정규직,회사내규에따름 -면접후결정,"경기도성남시분당구 ,서울시강남구"
38,신입/경력 채용,㈜넥슨,컴퓨터·하드웨어·장비,대기업 (비상장),"3,500명",1994년(31년차),신입·경력,학력무관,명시되어있지않음,정규직   계약직,회사내규에따름 -면접후결정,경기도성남시분당구
39,차량SW · ICT · 경영지원 부문 채용,현대오토에버㈜,솔루션·SI·CRM·ERP,대기업 (코스피),"6,444명",2000년(25년차),경력,학력무관,"C,C++,MSSQL,SAP,DBMS,컨설팅,SW,솔루션",정규직   계약직,회사내규에따름,"서울시강남구 ,경기도광명시 ,군포시 ,성남시분당구 ,성남시중원구 ,용인시기흥구 ,의왕시 ,파주시 ,화성시 ,부천시 ,광주전지역 ,울산전지역 ,충남아산시 ,인천전지역 ,전국"
40,수호천사동양생명 경력사원 공개채용,동양생명보험㈜,생명보험업,대기업 (코스피),890명,1989년(36년차),경력 (1년이상) 직무별상이,학력무관,"Python,SQL,Cinema4D,IFRS,VBA",정규직수습3개월,회사내규에따름 -면접후결정,서울시종로구
41,각 부문별 경력 채용 (개발/회계),㈜해피머니아이엔씨,생활용품·소비재·기타,중소기업 (비상장),51명,1999년(26년차),경력 부서별상이,초대졸이상,"JAVA,JPA,MyBatis,Spring,SpringBoot,OA,운전면허",정규직   계약직,회사내규에따름 -면접후결정,"서울시강남구 ,서울전지역 ,강서구 ,구로구 ,동대문구 ,동작구 ,마포구 ,서초구 ,성동구 ,성북구 ,송파구 ,양천구 ,영등포구 ,용산구 ,종로구"
42,[GS리테일] 플랫폼BU 편의점사업부 개발직무 경력사원 채용,GS리테일,백화점·유통·도소매,대기업 (코스피),"8,000명",1971년(54년차),경력 (3년이상),대졸이상,명시되어있지않음,정규직,회사내규에따름,경남전지역
43,2024 경력사원 채용 공고,우리에프아이에스㈜,시스템소프트웨어개발및공급업,중견기업 (비상장),"1,078명",1989년(36년차),경력 (2년이상),학력무관,".Net,ASP,C,C#,CISCO,JAVA,Javascript,JSP,MSSQL,MySQL,Oracle,PostgreSQL,Python,Tibero,Unix,Window,Linux,MicrosoftOffice",정규직   계약직,회사내규에따름 -면접후결정,서울시마포구
44,바이오 관련 직무 담당자 채용,㈜그래디언트,제약·보건·바이오,중견기업 (비상장),41명,1997년(28년차),경력 (2년이상),대학원(석사)이상,명시되어있지않음,정규직,회사내규에따름 -면접후결정,서울시강남구
45,24년 상반기 KAI 경력사원 정규/계약 채용,한국항공우주산업㈜,"항공기,우주선및보조장치제조업",중견기업 (코스피),"5,098명",1999년(26년차),경력,학력무관분야별상이함,"C,C#,C++,DB2,JAVA,MSSQL,MySQL,Oracle,Python,SQL",정규직   계약직,회사내규에따름,"경남사천시 ,서울시강남구"
46,위세아이텍 각 부문별 인재모집 (PM/개발/컨설팅/영업/홍보),㈜위세아이텍,솔루션·SI·CRM·ERP,중소기업 (코스닥상장),195명,1990년(35년차),신입·경력,초대졸이상,"JAVA,Javascript,JSP",정규직수습3개월,회사내규에따름,경기도성남시분당구
47,[솔탑] 연구/개발직 신입 및 경력사원 모집,솔탑,솔루션·SI·CRM·ERP,중소기업 (비상장),125명,1995년(30년차),신입·경력 (2년이상) 부문별상이(상세요강참조),학력무관부문별상이(상세요강참조),"C#,Git,SVN,Unity,WPF",정규직,회사내규에따름,"대전시유성구 ,대전전지역 ,대덕구 ,동구 ,서구 ,중구 ,세종전지역"
48,헥토이노베이션 직군별 인재 모집(플랫폼기획/광고영업/마이데이터/정보보안/시스템운영/글로벌구독/재무회계),㈜헥토이노베이션,그외기타정보서비스업,중소기업 (코스닥),188명,2009년(16년차),경력,학력무관,"Android,API,iOS,JAVA,Javascript,Python,SQL,Linux,Illustrator,Photoshop",정규직,회사내규에따름 -면접후결정,서울시강남구
49,현대자동차 4월 경력채용 IT 부문,현대자동차㈜,승용차및기타여객용자동차제조업,대기업 (코스피),"73,500명",1967년(58년차),경력,대졸이상,명시되어있지않음,정규직,회사내규에따름,서울시서초구
50,[kt ds] 2024년 각 부문별 경력사원 상시채용,㈜KT DS,컴퓨터시스템통합자문및구축서비스업,대기업계열사·자회사 (비상장),"1,770명",2008년(17년차),경력 (2년이상),학력무관,명시되어있지않음,정규직,회사내규에따름 -면접후결정,서울시서초구
51,각 부문별 경력/신입 인재영입,(주)우아한형제들,응용소프트웨어개발및공급업,중견기업 (비상장),"2,010명",2011년(14년차),신입·경력,학력무관,"ASP,API,ASP.NET,CSS,HTML,JAVA,Javascript,JSP,MSSQL,MySQL,Oracle,PHP,Spring,SpringBoot,SQL,WAS,Window,Linux,Illustrator",정규직   계약직,회사내규에따름 -면접후결정,서울시송파구
52,[서울/경기]100프로 무료 취업교육생모집 (UI.UX웹디자인&퍼블리셔/웹개발/게임/빅데이터/영상),이젠컴퓨터아카데미,기타기술및직업훈련학원,중소기업 (비상장),50명,2014년(11년차),신입·경력,고졸이상(졸업예정자가능)24년졸업예정자가능,"AWS,JAVA,BIM,CAD,SpringFramework,3DPrinter,UI,UX,모션그래픽,정보보안기사자격,영상편집,C언어,MAX,소프트웨어,웹프로그래머,블랜더",연수생/교육생근무기간협의,회사내규에따름 -면접후결정,"서울시관악구 ,서울전지역 ,강남구 ,강동구 ,강서구 ,구로구 ,금천구 ,동작구 ,양천구 ,영등포구 ,용산구 ,경기도광명시 ,부천시 ,수원시팔달구 ,인천시부평구"
53,[전액무료 IT취업] 파이썬/데이터분석/인공지능/풀스택(무료숙식교육),휴먼교육센터,기타기술및직업훈련학원,중소기업 (비상장),10명,2023년(2년차),신입·경력,학력무관,".Net,DB2,Django,JAVA,JSP,MSSQL,MySQL,Oracle,Python,SQL",연수생/교육생,회사내규에따름,"서울시영등포구 ,서울전지역 ,강남구 ,관악구 ,구로구 ,경기도부천시 ,수원시팔달구 ,수원시영통구 ,안산시단원구 ,용인시기흥구 ,평택시 ,화성시 ,인천시남동구 ,부평구 ,충남천안시서북구"
54,[국비무료IT취업교육]JAVA웹앱/프론트엔드/백엔드/풀스택/빅데이터/인공지능 외 자바개발자취업교육과정/준비된 인재로 취업하기/SW융복합 인재양성 /수료전부터 취업연계매칭시스템,한국ICT인재개발원,학원·어학원·교육원,비영리단체·교육재단 (비상장),26명,2016년(9년차),신입·경력,고졸이상,"AWS,Git,Hadoop,JAVA,MyBatis,MySQL,OracleDB,Python,Spring,SpringBoot",연수생/교육생근무기간6개월,회사내규에따름,"서울시마포구 ,서울전지역 ,강남구 ,관악구 ,동대문구 ,서대문구 ,서초구 ,양천구 ,영등포구 ,용산구 ,은평구 ,종로구 ,중구 ,경기전지역 ,전국"
55,농심NDS 상반기 경력 채용,㈜엔디에스,컴퓨터시스템통합자문및구축서비스업,중견기업 (비상장),474명,1993년(32년차),경력 3년이상,대졸이상,"AWS,JAVA,Oracle,SAP,클라우드,오픈소스",정규직,회사내규에따름 -면접후결정,"서울시동작구 ,관악구 ,금천구 ,구로구 ,영등포구 ,강서구 ,경기도과천시 ,전국"
56,[K-디지털/취업유망 취업연계]국비기술교육생모집(AI응용SW개발/CAD·CAM/자동화/전기),대한상공회의소 광주인력개발원,공기업·공공기관,국내공공기관·공기업 (비상장),400명,1994년(31년차),경력무관,학력무관대학졸업(예정)자비전공자환영,"Python,ML/DL",연수생/교육생근무기간6개월,회사내규에따름,"광주광산구 ,광주전지역 ,남구 ,동구 ,북구 ,서구 ,전남전지역 ,나주시 ,담양군 ,순천시 ,영광군 ,장성군 ,화순군 ,전북전지역 ,남원시"
57,[백패커/아이디어스] Data Engineer,백패커,전자상거래소매중개업,중소기업 (비상장),256명,2012년(13년차),경력 (3년이상),학력무관,명시되어있지않음,정규직수습3개월,회사내규에따름 -면접후결정,서울시서초구
58,[엔씨소프트][단기계약직] 다국어 언어데이터 구축을 위한 어시스턴트 모집,㈜엔씨소프트,게임·애니메이션,중견기업 (코스피),"4,504명",1997년(28년차),신입·경력 (~2년),대졸이상,명시되어있지않음,계약직,회사내규에따름,경기도성남시분당구
59,(주)세스코 DA 경력직 모집,㈜세스코,제약·보건·바이오,중견기업 (비상장),명시되어있지않음,1976년(49년차),경력 (5년이상),대졸이상,명시되어있지않음,정규직수습3개월,회사내규에따름,서울시강동구
60,(주)세스코 Data Scientist 경력직 모집,㈜세스코,제약·보건·바이오,중견기업 (비상장),명시되어있지않음,1976년(49년차),경력 (5년이상),대졸이상,명시되어있지않음,정규직수습3개월,회사내규에따름,서울시강동구
61,(주)세스코 DB Engineer 경력직 모집,㈜세스코,제약·보건·바이오,중견기업 (비상장),명시되어있지않음,1976년(49년차),경력 (5년이상),대졸이상,명시되어있지않음,정규직수습3개월,회사내규에따름,서울시강동구
62,[안양] 인트라넷 시스템 유지관리 및 DB컨설팅 경력자 모집,㈜시스게이트,기타정보기술및컴퓨터운영관련서비스업,중소기업 (비상장),303명,1999년(26년차),경력 (4년이상),고졸이상,"JAVA,MySQL,Oracle,PHP,Linux,db",정규직,회사내규에따름 -면접후결정,경기도안양시동안구
63,[신입가능/엑셀 활용] 데이터 라벨링 Annotator 채용,㈜아데코코리아,상용인력공급및인사관리서비스업,중견기업 (비상장),"2,500명",1999년(26년차),경력무관,초대졸이상(졸업예정자가능),"Excel,OA",계약직   도급,"연봉2,640~2,640만원",서울시성동구
64,[역삼/글로벌게임사] Data Producer 데이터 분석 담당,㈜아데코코리아,상용인력공급및인사관리서비스업,중견기업 (비상장),"2,500명",1999년(26년차),경력무관,학력무관,명시되어있지않음,계약직근무기간12개월,회사내규에따름 -면접후결정,서울시강남구
65,전자책 정액제 서비스 구축 아르바이트,㈜알라딘커뮤니케이션,쇼핑몰·오픈마켓·소셜커머스,중견기업 (비상장),920명,1998년(27년차),경력무관,학력무관,명시되어있지않음,계약직근무기간6개월,월급225만원이상 -면접후결정,"서울시중구 ,동작구"
66,24년 상반기 IT 기획 경력직 채용,한화엔진,내연기관제조업,중견기업 (코스피),793명,2000년(25년차),경력,명시되어있지않음,명시되어있지않음,정규직,회사내규에따름,경남창원시성산구
67,"2024년 디지털혁신 우수인재 채용(IT컨설팅/정보보안 분야, 3차) - App/Data Modernization",케이티,무선및위성통신업,대기업 (코스피),"19,660명",1981년(44년차),경력,대졸이상,명시되어있지않음,정규직,회사내규에따름,
68,"2024년 디지털혁신 우수인재 채용(IT컨설팅/정보보안 분야, 3차) -  New Technology 적용 전략 수립",케이티,무선및위성통신업,대기업 (코스피),"19,660명",1981년(44년차),경력,대졸이상,명시되어있지않음,정규직,회사내규에따름,
69,"2024년 디지털혁신 우수인재 채용(IT컨설팅/정보보안 분야, 3차) - AI Engineering",케이티,무선및위성통신업,대기업 (코스피),"19,660명",1981년(44년차),경력,대졸이상,명시되어있지않음,정규직,회사내규에따름,"서울시종로구 ,경기도성남시분당구"
70,"2024년 디지털혁신 우수인재 채용(IT컨설팅/정보보안 분야, 3차)",케이티,무선및위성통신업,대기업 (코스피),"19,660명",1981년(44년차),경력,대졸이상,명시되어있지않음,정규직,회사내규에따름,"서울시종로구 ,경기도성남시분당구"
71,[TmaxTibero] Tibero 연구원,㈜티맥스그룹,솔루션·SI·CRM·ERP,중견기업 (비상장),395명,2015년(10년차),신입·경력,대졸이상(졸업예정자가능),"Oracle,SQL,Unix,Linux,UX",정규직수습3개월,회사내규에따름 -면접후결정,경기도성남시분당구
72,로지스올엔지니어링 경력사원 채용,로지스올그룹,기타운송장비임대업,중견기업 (비상장),970명,1985년(40년차),경력 (1년이상),고졸이상,"Hadoop,AutoCAD,SketchUp,Excel,PowerPoint,ERP,비즈니스영어,AGV,PLC",정규직,회사내규에따름 -면접후결정,"서울시마포구 ,경기도김포시"
73,B2B IT Analyst 채용,한국필립모리스㈜,생활용품·소비재·기타,외국계(외국투자기업) (해외상장법인자회사),"1,100명",1989년(36년차),신입·경력 (3년이상),대졸이상,명시되어있지않음,정규직,회사내규에따름 -면접후결정,서울시영등포구
74,2024년 코오롱그룹 4월 정기공채,코오롱그룹,섬유·의류·패션,대기업 (비상장),"11,289명",1957년(68년차),경력 분야별경력상이,학력무관,"ABAP,C#,JAVA,JPA,JSP,MariaDB,MSSQL,MyBatis,Oracle,Python,React,RestAPI,VB.NET,Vue.js,SAP,ERP,SpringFramework,JSON,MicrosoftOffice",정규직,회사내규에따름,"경기도과천시 ,안양시동안구 ,경북구미시 ,포항시남구 ,포항시북구 ,서울시강남구 ,강서구"
75,[서울] 의료기관 데이터베이스 관리자(DBA)경력자 모집,㈜시스게이트,기타정보기술및컴퓨터운영관련서비스업,중소기업 (비상장),303명,1999년(26년차),경력 (10년이상),고졸이상,"MSSQL,Oracle,OracleDB,Sybase",정규직,회사내규에따름 -면접후결정,서울시영등포구
76,[교보증권 DigitalFrontierLabs파트] 경력직 채용,교보증권㈜,증권중개업,대기업 (코스피),959명,1949년(76년차),경력,대졸이상,명시되어있지않음,계약직근무기간협의,회사내규에따름,서울시영등포구
77,신한카드 빅데이터 분석 운영 (SM),㈜자이트솔루션,솔루션·SI·CRM·ERP,중소기업 (비상장),150명,1993년(32년차),경력 (9년이상),학력무관,"Python,SQL",프리랜서근무기간12개월,회사내규에따름 -면접후결정,서울시중구
78,[ALIKE Solution] Computer Vision Research Engineer,네이버랩스,그외기타정보서비스업,대기업 (-),228명,2017년(8년차),신입·경력,명시되어있지않음,명시되어있지않음,정규직,회사내규에따름,경기도성남시분당구
79,R&D 연구직 경력 채용(웹개발 프런트앤드),코맥스,유선통신장비제조업,중견기업 (코스닥),175명,1976년(49년차),경력,대졸이상,명시되어있지않음,명시되어있지않음,회사내규에따름,경기도성남시중원구
80,"R&D 연구직 경력/병역특례(보충역) 채용(빅데이터, AI)",코맥스,유선통신장비제조업,중견기업 (코스닥),175명,1976년(49년차),경력,대학원(석사)이상,명시되어있지않음,명시되어있지않음,회사내규에따름,경기도성남시중원구
81,"R&D 연구직 경력/병역특례(보충역) 채용(클라우드, 빅데이터)",코맥스,유선통신장비제조업,중견기업 (코스닥),175명,1976년(49년차),경력,대학원(석사)이상,명시되어있지않음,명시되어있지않음,회사내규에따름,경기도성남시중원구
82,R&D 연구직 신입/경력/병역특례(보충역) 채용,코맥스,유선통신장비제조업,중견기업 (코스닥),175명,1976년(49년차),신입·경력,학력무관,명시되어있지않음,명시되어있지않음,회사내규에따름,경기도성남시중원구
83,Data Center Technician (Engineer) 신입사원 채용,한국오라클(유),시스템소프트웨어개발및공급업,중견기업 (해외상장),850명,1989년(36년차),경력무관,초대졸이상,명시되어있지않음,정규직,회사내규에따름 -면접후결정,강원도춘천시
84,[역삼/글로벌게임사] Data Monitoring Software Engineer,㈜아데코코리아,상용인력공급및인사관리서비스업,중견기업 (비상장),"2,500명",1999년(26년차),경력 (1년이상),학력무관,"Kafka,ShellScript,Vue.js,Airflow,Grafana,ELK",계약직근무기간12개월,회사내규에따름 -면접후결정,서울시강남구
85,Data Engineering 전문가,에스케이브로드밴드㈜,전기통신업,대기업 (비상장),"2,564명",1997년(28년차),경력,대졸이상,명시되어있지않음,정규직,회사내규에따름,서울시중구
86,"데이타,하드,복구,유지보수 경력",㈜씨앤씨,컴퓨터·하드웨어·장비,중소기업 (비상장),135명,1990년(35년차),경력무관,고졸이상,명시되어있지않음,정규직,회사내규에따름 -면접후결정,충북청주시흥덕구
87,빅데이터 개발자 모집,에스디바이오센서㈜,전기식진단및요법기기제조업,중견기업 (코스피),578명,2010년(15년차),경력,대졸이상,명시되어있지않음,정규직,회사내규에따름,경기도수원시영통구
88,빅데이터 개발자/전기화학센서 개발자 모집,에스디바이오센서㈜,전기식진단및요법기기제조업,중견기업 (코스피),578명,2010년(15년차),신입·경력,대졸이상,명시되어있지않음,정규직,회사내규에따름,경기도수원시영통구
89,[스마트팩토리] 요소기술 개발 리딩 - 팀장급,현대오토에버㈜,솔루션·SI·CRM·ERP,대기업 (코스피),"6,444명",2000년(25년차),경력 (10년이상),학력무관,명시되어있지않음,정규직,회사내규에따름 -면접후결정,서울시강남구
90,클라우드 시스템 엔지니어 / 데브옵스 엔지니어 / DevOps Engineer,더치트주식회사,포털·컨텐츠·커뮤니티,중소기업 (비상장),명시되어있지않음,2012년(13년차),경력 (3년이상),학력무관,명시되어있지않음,정규직수습6개월   계약직근무기간12개월 정규직전환가능,"연봉3,000~10,000만원 -면접후결정",서울시구로구
91,"[스마트팩토리] 3D 엔진 그래픽스, 데이터 포맷 컴파일러 개발 - 경력",현대오토에버㈜,솔루션·SI·CRM·ERP,대기업 (코스피),"6,444명",2000년(25년차),경력,학력무관,명시되어있지않음,정규직,회사내규에따름 -면접후결정,서울시강남구
92,Python 개발자 경력직 채용 (5년 이하),㈜링크프라이스,광고·홍보·전시,중소기업 (비상장),300명,2006년(19년차),경력 (1년이상),초대졸이상,"NoSQL,Python,RDBMS,ERWin,Airflow,Cloud,DW,ETL,GitHub,정보처리기사자격",정규직수습3개월,회사내규에따름 -면접후결정,서울시금천구
93,[정규직 / 경력] SW 엔지니어 경력직 채용공고,㈜이지서티,정보보안,벤처기업 (비상장),80명,2002년(23년차),경력 (1년이상),대졸이상(졸업예정자가능),"AWS,Azure,Docker,Hadoop,IaaS,IIS,Oracle,SaaS,Tomcat,Linux",정규직,회사내규에따름 -면접후결정,서울시강남구
94,[(주)토마토시스템] AI데이터 분석 부문 채용(경력),㈜토마토시스템,응용소프트웨어개발및공급업,중소기업 (코스닥),216명,2000년(25년차),경력 (2년이상),대졸이상,"JAVA,Javascript,JSP,MSSQL,MySQL,Oracle,Perl,Python,Spring,SQL",정규직,회사내규에따름 -면접후결정,서울시강남구
95,[인텔리전스랩스] MLOps팀 백엔드 개발자 (Python/Go),㈜넥슨,컴퓨터·하드웨어·장비,대기업 (비상장),"3,500명",1994년(31년차),경력무관,학력무관,명시되어있지않음,정규직,회사내규에따름,경기도성남시분당구
96,2024년 상반기 각 부문 신입/경력 상시채용,㈜코난테크놀로지,솔루션·SI·CRM·ERP,중소기업 (코스닥상장),250명,1999년(26년차),신입·경력,초대졸이상,명시되어있지않음,정규직수습3개월,회사내규에따름 -면접후결정,서울시서초구
97,[경력] '24년 Data Engineer 직무 채용,(주)아모레퍼시픽,화장품제조업,중견기업 (코스피),"4,671명",2006년(19년차),경력,대졸이상,명시되어있지않음,정규직,회사내규에따름,서울시용산구
98,2024년 상반기 R&D 산학장학생 상시 모집 (AI/빅데이터센터),LG에너지솔루션,축전지제조업,대기업 (코스피),"12,038명",2020년(5년차),신입,대학원(석사)이상(졸업예정자가능),명시되어있지않음,명시되어있지않음,회사내규에따름,"경기도과천시 ,서울시영등포구"
99,[클라우드네트웍스] 빅데이터 솔루션 엔지니어 모집 (신입),㈜클라우드네트웍스,네트워크·통신서비스,중소기업 (비상장),65명,2012년(13년차),신입,학력무관,"AWS,Azure,GCP,Kafka,Python,ShellScript,Splunk,Window,Linux",정규직수습3개월,회사내규에따름,서울시강남구
100,[일본 현지 취업] 진동음향업계 CAE실험 분석 엔지니어 (석사/일본어가능자) 711,(주)마이나비코리아,컨설팅·연구·조사,외국계(외국법인기타) (비상장),10명,2016년(9년차),신입,대학원(석사)이상(졸업예정자가능),명시되어있지않음,정규직수습3개월,회사내규에따름 -면접후결정,일본아이치
101,2024년 디지털/ICT 전문계약직원(경력직) 상시채용 - 데이터/RPA,제주은행,국내은행,대기업 (코스피),442명,1969년(56년차),경력,학력무관,명시되어있지않음,계약직,회사내규에따름,제주도제주시
102,[인텔리전스랩스] 데이터 분석가 (게임 플레이 로그 데이터 분석),㈜넥슨,컴퓨터·하드웨어·장비,대기업 (비상장),"3,500명",1994년(31년차),경력,학력무관,명시되어있지않음,정규직,회사내규에따름,경기도성남시분당구
103,[ESTsoft] 데이터 구축 어시스턴트 (계약직),㈜이스트소프트,응용소프트웨어개발및공급업,중소기업 (코스닥상장),170명,1993년(32년차),경력무관,학력무관,명시되어있지않음,계약직근무기간12개월,회사내규에따름 -면접후결정,제주도제주시
104,(정규직) ETL 개발자를 모십니다,주식회사 데이터스트림즈,시스템소프트웨어개발및공급업,중소기업 (코넥스),216명,2001년(24년차),경력 (3년이상),학력무관,ETL,정규직수습3개월,회사내규에따름 -면접후결정,서울시서초구
105,빅데이터/AI 솔루션 개발자 - 신입 모집,㈜이씨마이너,솔루션·SI·CRM·ERP,중소기업 (비상장),31명,2000년(25년차),신입,대졸이상(졸업예정자가능),"C,C++,JAVA",정규직수습3개월,"연봉3,500만원이상 -면접후결정",서울시강남구
106,빅데이터/AI 솔루션 개발자 - 경력 모집,㈜이씨마이너,솔루션·SI·CRM·ERP,중소기업 (비상장),31명,2000년(25년차),경력,대졸이상(졸업예정자가능),"C,C++,JAVA",정규직수습3개월,회사내규에따름 -면접후결정,서울시강남구
107,빅데이터/AI 분석전문가,㈜이씨마이너,솔루션·SI·CRM·ERP,중소기업 (비상장),31명,2000년(25년차),신입·경력,대졸이상(졸업예정자가능),명시되어있지않음,정규직수습3개월,"연봉3,500만원이상",서울시강남구
108,Network Engineer 채용,현대오토에버㈜,솔루션·SI·CRM·ERP,대기업 (코스피),"6,444명",2000년(25년차),경력 (3년이상),학력무관,명시되어있지않음,정규직수습기간협의,회사내규에따름,"서울시강남구 ,서울전지역 ,전북전주시덕진구 ,전주시완산구"
109,[상시채용] Engineering - 지능형 스마트 팩토리,한국타이어앤테크놀로지,타이어및튜브제조업,대기업 (코스피),"6,482명",2012년(13년차),경력,명시되어있지않음,명시되어있지않음,정규직,회사내규에따름,"대전시대덕구 ,유성구 ,충남금산군"
110,[상시채용] Engineering - 설비기술(기계),한국타이어앤테크놀로지,타이어및튜브제조업,대기업 (코스피),"6,482명",2012년(13년차),경력,명시되어있지않음,명시되어있지않음,정규직,회사내규에따름,"대전시대덕구 ,유성구 ,충남금산군"
111,[상시채용] Engineering - 설비기술(전기),한국타이어앤테크놀로지,타이어및튜브제조업,대기업 (코스피),"6,482명",2012년(13년차),경력,명시되어있지않음,명시되어있지않음,정규직,회사내규에따름,"대전시대덕구 ,유성구 ,충남금산군"
112,[상시채용] Engineering,한국타이어앤테크놀로지,타이어및튜브제조업,대기업 (코스피),"6,482명",2012년(13년차),경력,명시되어있지않음,명시되어있지않음,정규직,회사내규에따름,"대전시대덕구 ,유성구 ,충남금산군"
113,"한국생산기술연구원 인공지능, 로봇, 제어, 자동화, 자율주행 관련 연구원 채용",한국생산기술연구원,기타공학연구개발업,비영리법인 (비상장),"1,327명",1989년(36년차),경력무관,대졸이상(졸업예정자가능),"C++,Git,Matlab,Python,Solidworks,임베디드리눅스,AutoCAD,ROS,ROS2,Simulink",계약직근무기간협의    인턴근무기간협의    아르바이트근무기간6개월,회사내규에따름,광주북구
114,[역삼] AI 학습데이터 Project Manager(PM) 경력직 채용,㈜유베이스,콜센터및텔레마케팅서비스업,중견기업 (비상장),"10,679명",1999년(26년차),경력 (2년이상),학력무관,명시되어있지않음,정규직수습6개월,회사내규에따름 -면접후결정,"서울시강남구 ,서초구 ,송파구 ,강동구 ,서울전지역"
115,"2024년 디지털혁신 우수인재 채용(IT컨설팅/정보보안 분야, 3차) - 정보보안 기획 및 관리체계 수립",케이티,무선및위성통신업,대기업 (코스피),"19,660명",1981년(44년차),경력,대졸이상,명시되어있지않음,정규직,회사내규에따름,"서울시종로구 ,경기도성남시분당구"
116,"2024년 디지털혁신 우수인재 채용(IT컨설팅/정보보안 분야, 3차) - Cloud Native/플랫폼 전환 전략 수립",케이티,무선및위성통신업,대기업 (코스피),"19,660명",1981년(44년차),경력,대졸이상,명시되어있지않음,정규직,회사내규에따름,"서울시종로구 ,경기도성남시분당구"
117,"2024년 디지털혁신 우수인재 채용(IT컨설팅/정보보안 분야, 3차) - Cloud 전환 전략 수립",케이티,무선및위성통신업,대기업 (코스피),"19,660명",1981년(44년차),경력,대졸이상,명시되어있지않음,정규직,회사내규에따름,"서울시종로구 ,경기도성남시분당구"
118,우수 인재 상시 채용 (안전),현대엘리베이터,승강기제조업,중견기업 (코스피),"2,807명",1984년(41년차),신입·경력,명시되어있지않음,명시되어있지않음,명시되어있지않음,회사내규에따름,"충북충주시 ,서울시종로구"
119,우수 인재 상시 채용 (경영지원),현대엘리베이터,승강기제조업,중견기업 (코스피),"2,807명",1984년(41년차),신입·경력,명시되어있지않음,명시되어있지않음,명시되어있지않음,회사내규에따름,"충북충주시 ,서울시종로구"
120,우수 인재 상시 채용 (경영관리),현대엘리베이터,승강기제조업,중견기업 (코스피),"2,807명",1984년(41년차),신입·경력,명시되어있지않음,명시되어있지않음,명시되어있지않음,회사내규에따름,"충북충주시 ,서울시종로구"
121,우수 인재 상시 채용 (기술지원),현대엘리베이터,승강기제조업,중견기업 (코스피),"2,807명",1984년(41년차),신입·경력,명시되어있지않음,명시되어있지않음,명시되어있지않음,회사내규에따름,"충북충주시 ,서울시종로구"
122,우수 인재 상시 채용 (영업),현대엘리베이터,승강기제조업,중견기업 (코스피),"2,807명",1984년(41년차),신입·경력,명시되어있지않음,명시되어있지않음,명시되어있지않음,회사내규에따름,"충북충주시 ,서울시종로구"
123,우수 인재 상시 채용 (DT),현대엘리베이터,승강기제조업,중견기업 (코스피),"2,807명",1984년(41년차),신입·경력,명시되어있지않음,명시되어있지않음,명시되어있지않음,회사내규에따름,"충북충주시 ,서울시종로구"
124,우수 인재 상시 채용 (제조),현대엘리베이터,승강기제조업,중견기업 (코스피),"2,807명",1984년(41년차),신입·경력,명시되어있지않음,명시되어있지않음,명시되어있지않음,회사내규에따름,"충북충주시 ,서울시종로구"
125,우수 인재 상시 채용 (설계),현대엘리베이터,승강기제조업,중견기업 (코스피),"2,807명",1984년(41년차),신입·경력,명시되어있지않음,명시되어있지않음,명시되어있지않음,회사내규에따름,"충북충주시 ,서울시종로구"
126,우수 인재 상시 채용 (R&D),현대엘리베이터,승강기제조업,중견기업 (코스피),"2,807명",1984년(41년차),신입·경력,명시되어있지않음,명시되어있지않음,명시되어있지않음,회사내규에따름,"충북충주시 ,서울시종로구"
127,우수 인재 상시 채용,현대엘리베이터,승강기제조업,중견기업 (코스피),"2,807명",1984년(41년차),신입·경력,명시되어있지않음,명시되어있지않음,명시되어있지않음,회사내규에따름,"충북충주시 ,서울시종로구"
128,[강남/외국계의료기기] CS Data Team (신입-3년),"㈜아데코코리아 
                                    기업정보",명시되어있지않음,외국계기업,명시되어있지않음,명시되어있지않음,신입·경력,대졸이상(졸업예정자가능),명시되어있지않음,계약직근무기간12개월    파견직 근무기간12개월,회사내규에따름 -면접후결정,서울시강남구
129,2024년 상반기 청년인턴(인턴연구원/인턴행정원) 공개채용,한국해양과학기술원부설선박해양플랜트연구소,기타공학연구개발업,비영리법인 (-),193명,2013년(12년차),신입,대졸이상(졸업예정자가능),명시되어있지않음,인턴,회사내규에따름,
130,[다온기술] 2024년 상반기 빅데이터/통합로그관리 솔루션 경력 채용 공고,다온기술㈜,정보보안,벤처기업 (비상장),20명,2013년(12년차),경력 (2년이상),학력무관,"RDBMS,SQL,정보보안기사자격",정규직,회사내규에따름 -면접후결정,경기도성남시분당구
131,제2024-1회 직원 채용 공고,기초과학연구원,공기업·공공기관,국내공공기관·공기업 (비상장),548명,2011년(14년차),신입·경력,학력무관,명시되어있지않음,정규직,회사내규에따름 -면접후결정,"대전시유성구 ,대전전지역 ,경북포항시남구 ,포항시북구 ,울산전지역"
132,더존비즈온 AI 분야 프롬프트 엔지니어 모집,㈜더존비즈온,컴퓨터프로그래밍서비스업,중견기업 (코스피),"1,721명",1977년(48년차),신입·경력,학력무관,"API,Docker,JAVA,RestAPI,LLM,GTPs",정규직수습3개월,회사내규에따름,서울시중구
133,[컴투스플랫폼] 빅데이터 분석가 (산후 대체 계약직),㈜컴투스,게임·애니메이션,중견기업 (코스닥상장),"1,502명",1998년(27년차),경력,명시되어있지않음,명시되어있지않음,계약직,회사내규에따름,서울시금천구
134,[한솔인티큐브] Linux C 개발 경력 채용 (AI 스팸 필터링 분야),한솔인티큐브㈜,솔루션·SI·CRM·ERP,중견기업 (코스닥상장),240명,2003년(22년차),경력 (2년이상),초대졸이상,"C,C++,MariaDB,MySQL,Oracle,Python,Unix,Linux,Altibase,TCP/IP",정규직수습3개월,회사내규에따름 -면접후결정,서울시마포구
135,[LIG그룹 계열사] 빅데이터 융합기술개발자 신입/경력 모집,㈜이노와이어리스,네트워크·통신서비스,중견기업 (코스닥상장),364명,2000년(25년차),신입·경력,학력무관,명시되어있지않음,정규직,회사내규에따름 -면접후결정,경기도성남시분당구
136,2024 지니언스 상반기 각 분야 채용,지니언스(주),정보보안,중소기업 (코스피),164명,2005년(20년차),신입·경력,학력무관,"Angular,AWS,Azure,C,C++,CSS3,Docker,GCP,HTML5,JAVA,Javascript,MySQL,Python,RDBMS,React,TypeScript,Vue.js,Linux,Cloud,Highcharts",정규직,회사내규에따름 -면접후결정,경기도안양시동안구
137,[국내 1위 모바일 솔루션] 유라클 연구소 SoftWare Product Manager모집,㈜유라클,모바일·APP,중소기업 (비상장),228명,2001년(24년차),경력 (3년이상),초대졸이상,"SaaS,OA,리서치,시장분석,신제품기획,IT제품기획",정규직,회사내규에따름 -면접후결정,서울시강남구
138,R&D 연구직 경력 채용(System Management),코맥스,유선통신장비제조업,중견기업 (코스닥),175명,1976년(49년차),경력,학력무관,명시되어있지않음,명시되어있지않음,회사내규에따름,경기도성남시중원구
139,R&D 연구직 경력 채용(HW 개발),코맥스,유선통신장비제조업,중견기업 (코스닥),175명,1976년(49년차),경력,초대졸이상,명시되어있지않음,명시되어있지않음,회사내규에따름,경기도성남시중원구
140,R&D 연구직 경력 채용(Android App 개발자),코맥스,유선통신장비제조업,중견기업 (코스닥),175명,1976년(49년차),경력,학력무관,명시되어있지않음,명시되어있지않음,회사내규에따름,경기도성남시중원구
141,R&D 연구직 신입/병역특례(보충역) 채용(스마트홈 어플리케이션 개발),코맥스,유선통신장비제조업,중견기업 (코스닥),175명,1976년(49년차),신입,대학원(석사)이상,명시되어있지않음,명시되어있지않음,회사내규에따름,경기도성남시중원구
142,랜드소프트㈜ 2024년도 PM 및 개발자 경력 채용,랜드소프트㈜,솔루션·SI·CRM·ERP,중소기업 (비상장),50명,2018년(7년차),경력 (3년이상),학력무관,"CSS3,HTML5,JAVA,Javascript,Jquery,RDBMS,Unity,Photoshop,SpringFramework,UnrealEngineDeveloper",정규직,회사내규에따름 -면접후결정,"서울시서초구 ,송파구 ,강남구 ,관악구 ,성동구 ,금천구 ,광진구 ,동작구"
143,[하나금융융합기술원] NLP 데이터구축,㈜하나금융티아이,솔루션·SI·CRM·ERP,대기업계열사·자회사 (비상장),"1,014명",1990년(35년차),신입·경력 (2년이상),대졸이상,"OpenCV,Python,Pytorch,GitLab",정규직수습6개월,회사내규에따름 -면접후결정,서울시강남구
144,전기화학센서 개발자 모집,에스디바이오센서㈜,전기식진단및요법기기제조업,중견기업 (코스피),578명,2010년(15년차),신입·경력,대학원(석사)이상,명시되어있지않음,정규직,회사내규에따름,경기도수원시영통구
145,[인텔리전스랩스] 글로벌 플랫폼 기획자,㈜넥슨,컴퓨터·하드웨어·장비,대기업 (비상장),"3,500명",1994년(31년차),경력 (3년이상),학력무관,명시되어있지않음,정규직,회사내규에따름,경기도성남시분당구
146,[해외메이플] 게임 기획자,㈜넥슨,컴퓨터·하드웨어·장비,대기업 (비상장),"3,500명",1994년(31년차),경력무관,학력무관,명시되어있지않음,정규직,회사내규에따름,경기도성남시분당구
147,[메이플스토리M] 시스템 및 콘텐츠 기획자,㈜넥슨,컴퓨터·하드웨어·장비,대기업 (비상장),"3,500명",1994년(31년차),경력무관,학력무관,명시되어있지않음,정규직,회사내규에따름,경기도성남시분당구
148,이랜드이노플 클라우드 아키텍트 채용(0-3년),㈜이랜드이노플,컴퓨터시스템통합자문및구축서비스업,대기업 (비상장),190명,1991년(34년차),경력 경력0년~3년,학력무관,"SaaS,PT,제안서작성,기술영업,제품관리,SI프로젝트제안,IT솔루션개발",계약직근무기간6개월 정규직전환가능,회사내규에따름 -면접후결정,서울시금천구
149,[W컨셉] TECH담당 검색&데이터 개발팀 AI/ML Engineer,더블유컨셉코리아,섬유·의류·패션,대기업계열사·자회사 (비상장),305명,2008년(17년차),경력 (6년이상),대졸이상,"AWS,java,spring,springboot",정규직수습3개월,회사내규에따름 -면접후결정,서울시강남구
150,2024년 피엠그로우 D&P 모델 개발 채용,㈜피엠그로우,화학·에너지·환경,벤처기업 (비상장),90명,2010년(15년차),경력 (10년이상),대졸이상,"Keras,Pandas,Python,Pytorch,Tensorflow,Scikit-Learn",정규직수습기간협의,회사내규에따름 -면접후결정,서울시서초구
151,2024년 피엠그로우 D&P 데이터 분석 채용,㈜피엠그로우,화학·에너지·환경,벤처기업 (비상장),90명,2010년(15년차),경력 (3년이상),대졸이상,"Keras,Pandas,Python,Pytorch,Tensorflow,Scikit-Learn",정규직수습기간협의,회사내규에따름 -면접후결정,서울시서초구
152,[토스] Financial System Manager (SAP),㈜비바리퍼블리카,모바일·APP,벤처기업 (비상장),"1,405명",2013년(12년차),경력 (4년이상),학력무관,명시되어있지않음,정규직,회사내규에따름 -면접후결정,서울시강남구
153,[토스] Financial System Engineer (영업회계시스템),㈜비바리퍼블리카,모바일·APP,벤처기업 (비상장),"1,405명",2013년(12년차),경력,학력무관,명시되어있지않음,정규직,회사내규에따름 -면접후결정,서울시강남구
154,[(주)윈텍오토메이션] 장비운영S/W 개발,㈜윈텍오토메이션,그외기타특수목적용기계제조업,중소기업 (비상장),73명,2004년(21년차),경력무관,초대졸이상,"C,C#,C++,JAVA,Python","정규직수습3개월   병역특례현역,보충역,전문연구요원",회사내규에따름 -면접후결정,경기도수원시영통구
155,주성엔지니어링 2024 정보기술(IT) 신입 채용,주성엔지니어링㈜,반도체제조용기계제조업,중견기업 (코스닥),507명,1995년(30년차),신입,고졸이상,명시되어있지않음,정규직수습3개월,"연봉4,500만원이상",경기도용인시기흥구
156,[KT그룹사-나스미디어] 광고 플랫폼 개발 담당자 채용 (2년 이상),㈜나스미디어,광고대행업,대기업 (코스닥),424명,2000년(25년차),경력 (2년이상),대졸이상,"C,JAVA,NoSQL,Python,RDBMS,Unix,Linux",정규직수습3개월,회사내규에따름 -면접후결정,서울시강남구
157,잡코리아 Tech 인재 상시채용,잡코리아(유),포털·컨텐츠·커뮤니티,중견기업 (비상장),530명,1996년(29년차),경력무관,대졸이상,명시되어있지않음,정규직수습3개월,회사내규에따름 -면접후결정,"서울시서초구 ,강남구"
158,2024년 상반기 각 부문 신입 및 경력 채용,㈜휴니버스글로벌,솔루션·SI·CRM·ERP,중소기업 (비상장),78명,2019년(6년차),신입·경력 (3년이상) 직무에따라상이,학력무관직무에따라상이,명시되어있지않음,정규직,회사내규에따름 -면접후결정,"서울시동대문구 ,강북구 ,중구 ,종로구 ,성북구 ,성동구 ,중랑구 ,광진구"
159,DW Engineer / 병원정보시스템 개발자,㈜플랜잇스퀘어(PLANIT SQUARE Inc.),컴퓨터시스템통합자문및구축서비스업,중소기업 (비상장),29명,2020년(5년차),경력 (2년이상),학력무관,"AWS,Git,HTML,iOS,Javascript,MSSQL,Python,SQL,Linux,SpringFramework",정규직수습3개월,"연봉3,500~8,000만원",서울시강남구
160,[(주)뷰브레인헬스케어] 인공지능 리서처(의료영상) 채용,㈜뷰브레인헬스케어,응용소프트웨어개발및공급업,중소기업 (비상장),17명,2022년(3년차),경력무관,대졸이상,"Keras,Python,Pytorch,Tensorflow,CNN,CT,CUDA,DL,EMR,MRI",정규직수습3개월,"연봉4,000~10,000만원 -면접후결정",서울시강남구
161,웹 / 응용 프로그램 / 데이터베이스 개발,㈜인브레인,솔루션·SI·CRM·ERP,중소기업 (비상장),53명,2000년(25년차),신입,대졸이상(졸업예정자가능),".Net,ASP.NET,C#,JAVA,Javascript,MSSQL,Oracle,Python,Window,Ai",정규직수습기간협의,"연봉3,000~3,500만원 -면접후결정",서울시금천구
162,[경력/신입] 공공데이터 및 데이터기반 행정 유경험자 특별 채용,㈜이노포스트,기타엔지니어링서비스업,중소기업 (비상장),23명,2011년(14년차),신입·경력 (3년이상),대졸이상,"Hadoop,SQL,BigQuery,DBMS,JSON,정보처리기사자격",정규직수습3개월,회사내규에따름 -면접후결정,서울시서초구
163,유지보수업무담당자모집,컴퓨터수리,컴퓨터·하드웨어·장비,중소기업 (비상장),22명,2018년(7년차),신입·경력,학력무관,명시되어있지않음,정규직   계약직   프리랜서,월급400~850만원,서울시성북구
164,[CJ계열사/대기업] 데이터 추출 및 분석 관리보조 채용,㈜인코스파트너스,임시및일용인력공급업,중소기업 (비상장),4명,2008년(17년차),경력무관,초대졸이상,명시되어있지않음,계약직근무기간12개월,월급272~272만원,"서울시용산구 ,서울전지역 ,노원구 ,도봉구 ,성동구 ,동작구"
165,[판교/경력직 채용]  슈어소프트테크(연구/검증/개발자) 경력자 모집,㈜H&T,경영컨설팅및공공관계서비스업,중소기업 (비상장),195명,1997년(28년차),경력,학력무관,"API,C#,C++,JAVA,Python",정규직,회사내규에따름,"경기도성남시수정구 ,경기전지역 ,서울전지역"
166,멀티모달 엔지니어 채용,로민,솔루션·SI·CRM·ERP,벤처기업 (비상장),38명,2018년(7년차),경력 (5년이상),대졸이상,"OpenCV,Python,Pytorch,Tensorflow,detectron2,onnx,mmdetection,AdelaiDet",정규직수습3개월,"연봉7,000만원이상 -면접후결정",서울시서초구
167,"KDT / 빅데이터 분석,시각화 강사 채용(자바,파이썬,DB,AI,머신러닝,딥러닝 등)",㈜연세교육아카데미,학원·어학원·교육원,중소기업 (비상장),25명,1994년(31년차),경력 (2년이상),학력무관,"빅데이터분석,자바,JAVA,파이썬,Python,리눅스,Linux,프론트엔드,HTML,CSS,자바스크립트,데이터베이스,SQL,MySQL,Oracle,빅데이터시각화,교사,강사,교강사,강의,직업훈련,인공지능,머신러닝,딥러닝,자연어처리",계약직근무기간협의 정규직전환가능,회사내규에따름 -면접후결정,경기도수원시장안구
168,신한카드 빅데이터플랫폼 지원 개발 및 운영 - SM,㈜새한정보,시스템소프트웨어개발및공급업,중소기업 (-),명시되어있지않음,2023년(2년차),경력 (7년이상),학력무관,"Python,SQL",정규직   계약직근무기간14개월    프리랜서근무기간14개월,회사내규에따름 -면접후결정,서울시중구
169,DB 엔지니어 채용 (신입/경력직),㈜티아이에스에스,컴퓨터시스템통합자문및구축서비스업,중소기업 (비상장),19명,2005년(20년차),신입·경력 (1년이상),초대졸이상,명시되어있지않음,정규직수습3개월,회사내규에따름,부산해운대구
170,[의료AI기업] 의공학 / 영상 기반 AI 연구원 / Neuroimaging 연구원 / 데이터 연구원 모집,뉴로핏㈜,솔루션·SI·CRM·ERP,중소기업 (비상장),105명,2016년(9년차),신입·경력 (1년이상),대졸이상,"Matlab,Python,Pytorch,R,ShellScript,SQL,MicrosoftOffice",정규직수습3개월   인턴근무기간6개월,회사내규에따름,서울시강남구
171,[모빌테크] SLAM & Computer Vision 연구원 모집 (신입/경력),모빌테크,전기ㆍ전자공학연구개발업,중소기업 (비상장),108명,2017년(8년차),신입·경력 (2년이상),대졸이상,"C++,Python,Pytorch,Tensorflow",정규직수습3개월,회사내규에따름 -면접후결정,서울시서초구
172,[모빌테크] Sensor Fusion Engineer 모집 (신입/경력),모빌테크,전기ㆍ전자공학연구개발업,중소기업 (비상장),108명,2017년(8년차),신입·경력,초대졸이상,"C,C++,Linux",계약직근무기간3개월 정규직전환가능,회사내규에따름 -면접후결정,서울시서초구
173,[시차출퇴근제] DCS SW 엔지니어 모집 (신입/경력),BNF테크놀로지㈜,응용소프트웨어개발및공급업,중소기업 (비상장),77명,2000년(25년차),신입·경력,초대졸이상,명시되어있지않음,정규직수습3개월,회사내규에따름 -면접후결정,대전시유성구
174,[커머스부문] BI 경력사원 채용,CJ ENM,텔레비전방송업,대기업 (코스닥),"3,044명",1994년(31년차),경력,명시되어있지않음,명시되어있지않음,정규직,회사내규에따름,서울시서초구
175,LLM 엔지니어 및 서비스개발 채용,디딤365㈜,응용소프트웨어개발및공급업,중소기업 (-),195명,2005년(20년차),경력 (3년이상),대졸이상,명시되어있지않음,정규직수습3개월,회사내규에따름 -면접후결정,서울시금천구
176,[AI 기술 개발] 부문 신입/경력 채용 (전문연구요원 채용 가능),㈜디파인,시스템소프트웨어개발및공급업,중소기업 (비상장),10명,2019년(6년차),신입·경력 (1년이상),대학원(석사)이상(졸업예정자가능),어셈블리,정규직수습3개월   병역특례,회사내규에따름 -면접후결정,경기도성남시분당구
177,클라우드 구축 및 운영 엔지니어 인재 채용,디딤365㈜,솔루션·SI·CRM·ERP,중소기업 (비상장),150명,2005년(20년차),경력 (2년이상),초대졸이상,"Python,Window,Linux",정규직수습기간협의,회사내규에따름 -면접후결정,서울시금천구
178,데이터 분석가 (경력),씨앤토트㈜,IT컨설팅,중견기업 (비상장),90명,2005년(20년차),경력 (5년이상),고졸이상,"AWS,Window,Linux,BigQuery,Cloud,DW",정규직,회사내규에따름 -면접후결정,서울시서초구
179,"빅데이터, AI사업 관련 분석시스템 기술 영업 (경력)",씨앤토트㈜,IT컨설팅,중견기업 (비상장),90명,2005년(20년차),경력 (5년이상),고졸이상,"AWS,Window,Linux,BigQuery,Cloud,DW",정규직,회사내규에따름 -면접후결정,서울시서초구
180,[CJ그룹 계열사] CJ 4DPLEX IT솔루션팀 System Integration (SI) 개발 경력직 채용,CJ 4DPLEX,기타공학연구개발업,대기업 (비상장),191명,2010년(15년차),경력 (5년이상),학력무관,"CCNA,JAVA,Jeus,MariaDB,Oracle,Tibero,Tomcat,WebtoB,SI,httpd",정규직수습3개월,회사내규에따름,서울시용산구
181,[데이터분석실] 데이터 분석가 (3년이상),㈜리팅랩스,컨설팅·연구·조사,중소기업 (비상장),50명,2019년(6년차),경력 (3년이상),학력무관,"Python,SQL,Spreadsheets,googledatastudio",정규직수습3개월,회사내규에따름,서울시강남구
182,R&D센터 Technical Architect,㈜케이티넥스알,솔루션·SI·CRM·ERP,대기업계열사·자회사 (비상장),95명,2007년(18년차),경력 (3년이상),대졸이상,"Docker,Hadoop,kubernetes,Spark,Linux",정규직수습3개월,회사내규에따름,서울시송파구
183,(DO팀) Project Leader,㈜케이티넥스알,솔루션·SI·CRM·ERP,대기업계열사·자회사 (비상장),95명,2007년(18년차),경력 (5년이상),대졸이상,"Hadoop,JAVA,kubernetes,MariaDB,Python,Spark,SQL,Linux,Hive,awsshell",정규직수습3개월,회사내규에따름,서울시송파구
184,정보통신설비 유지관리자 모집,(주)정엔지니어링,기타엔지니어링서비스업,중소기업 (비상장),65명,2002년(23년차),경력,학력무관,"네트워크관리사자격,정보보안기사자격,정보처리기사자격",정규직,회사내규에따름 -면접후결정,"부산부산진구 ,부산전지역 ,동래구 ,연제구"
185,DevOps 엔지니어 채용,㈜오픈에스지,솔루션·SI·CRM·ERP,중소기업 (비상장),84명,2007년(18년차),경력 (3년이상),학력무관,명시되어있지않음,정규직,회사내규에따름,경기도화성시
186,[PTKOREA] 빅데이터 플랫폼 BI 기획,펑타이그레이터차이나,광고대행업,중소기업 (-),518명,2013년(12년차),경력 (3년이상),대졸이상,명시되어있지않음,정규직수습3개월,회사내규에따름 -면접후결정,서울시강남구
187,[에이오팜] 데이터연구팀 AI네트워크 개발 담당 팀원/팀장 채용,㈜에이오팜,컴퓨터프로그래밍서비스업,중소기업 (비상장),명시되어있지않음,2021년(4년차),신입·경력 (1년이상) 신입~7년미만,대학원(석사)이상,"Python,Pytorch,cv2,Imagelibrary",정규직,회사내규에따름 -면접후결정,"경기도성남시분당구 ,용인시기흥구 ,성남시수정구 ,성남시중원구"
188,[병역특례 우대] (주)엔티엘헬스케어 AI 프로그램 개발,㈜엔티엘헬스케어,제약·보건·바이오,중소기업 (비상장),20명,1996년(29년차),신입·경력 (3년이상),대졸이상,"Android,C++,HTML,JAVA,Javascript,JSP,MSSQL,Python,SQL,Unix",정규직수습3개월   계약직근무기간3개월 정규직전환가능,회사내규에따름 -면접후결정,경기도성남시수정구
189,[에이오팜] 데이터분석팀 데이터툴 개발(코딩) 담당 팀원 채용,㈜에이오팜,컴퓨터프로그래밍서비스업,중소기업 (비상장),명시되어있지않음,2021년(4년차),신입·경력 (1년이상) 신입~7년미만,대졸이상,"Python,PyQt,GUIlIbrary",정규직수습3개월,회사내규에따름 -면접후결정,"경기도성남시분당구 ,성남시수정구 ,성남시중원구 ,용인시기흥구"
190,[에이오팜] SW개발팀 컴퓨터비전 기술개발&적용 담당 팀원 채용,㈜에이오팜,컴퓨터프로그래밍서비스업,중소기업 (비상장),명시되어있지않음,2021년(4년차),경력 (3년이상) 3년이상~7년미만,대졸이상,"C++,Python",정규직,회사내규에따름 -면접후결정,"경기도성남시분당구 ,용인시기흥구 ,성남시수정구 ,성남시중원구"
191,스플렁크(Splunk) 엔지니어 경력채용(상주근무),㈜리눅스데이타시스템,응용소프트웨어개발및공급업,중소기업 (비상장),43명,2002년(23년차),경력 (3년이상),학력무관,명시되어있지않음,정규직,회사내규에따름 -면접후결정,서울시강남구
192,MongoDB 엔지니어/DBA 모집,시앤지원,컴퓨터·하드웨어·장비,중소기업 (비상장),25명,2003년(22년차),경력 (3년이상),초대졸이상(졸업예정자가능),"MongoDB,NoSQL",정규직,회사내규에따름 -면접후결정,서울시강남구
193,솔루션 엔지니어(신입),밀버스,솔루션·SI·CRM·ERP,중소기업 (비상장),65명,2009년(16년차),신입,대졸이상(졸업예정자가능),"API,Salesforce,Apex",인턴근무기간3개월 정규직전환가능,회사내규에따름 -면접후결정,서울시강남구
194,데이터 사이언티스트 - AI 개발자 모집,㈜이빗,솔루션·SI·CRM·ERP,벤처기업 (-),명시되어있지않음,명시되어있지않음,경력무관,대졸이상,Python,정규직수습3개월,"연봉6,000만원이상 -면접후결정",서울시강남구
195,Data Scientist 신입/경력 채용,㈜카비,솔루션·SI·CRM·ERP,벤처기업 (비상장),30명,2010년(15년차),경력무관,대학원(석사)이상,"AWS,MySQL,Python,R,SQL",정규직수습3개월,회사내규에따름 -면접후결정,서울시금천구
196,[슈프리마] BioSign 알고리즘 개발자,슈프리마,유선통신장비제조업,중소기업 (코스닥),210명,2015년(10년차),경력 (1년이상),대학원(석사)이상,"C,C++",정규직수습3개월,회사내규에따름,경기도성남시분당구
197,클라우드 관제 (엔지니어) 운영 채용,디딤365㈜,응용소프트웨어개발및공급업,중소기업 (-),195명,2005년(20년차),경력 (1년이상),초대졸이상,"Python,Window,Linux",정규직수습3개월,회사내규에따름 -면접후결정,서울시금천구
198,Artificial Intelligence Researcher,㈜휴런,응용소프트웨어개발및공급업,중소기업 (비상장),57명,2017년(8년차),경력 (1년이상),대졸이상,명시되어있지않음,정규직수습3개월,"연봉4,000만원이상 -면접후결정",서울시영등포구
199,[경력] 서비스 개발자 / 서비스 기획자 채용,㈜알에스엔,솔루션·SI·CRM·ERP,중소기업 (비상장),180명,2004년(21년차),경력 (3년이상),초대졸이상,"AWS,Docker,Git,JAVA,kubernetes,Linux,SpringFramework,UI/UX,F/E,B/E",정규직,회사내규에따름 -면접후결정,경기도고양시일산서구
