fcltynm,mt10id,mt13cnt,fcltychartr,sidonm,gugunnm,opende
1M SPACE,FC002651,1,민간(대학로 외),서울,서대문구,2019
1m클래식아트홀,FC001419,1,민간(대학로 외),서울,종로구,2008
1유로 프로젝트 코끼리빌라,FC003974,1,기타(비공연장),서울,성동구, 
2001 아울렛키즈홀 [구로],FC001940,1,민간(대학로 외),서울,구로구,2008
20세기소년,FC002818,1,민간(대학로 외),서울,중구, 
242,FC002391,1,기타(비공연장),서울,용산구, 
30스튜디오 (폐관),FC001562,1,민간(대학로),서울,종로구,2016
369마실,FC002800,1,기타(비공연장),서울,성북구, 
4560designhaus (디자인하우스),FC002801,1,기타(비공연장),서울,서초구, 
57th gallery(57갤러리),FC002702,1,기타(비공연장),서울,종로구, 
63아트홀,FC000797,1,민간(대학로 외),서울,영등포구,2009
63컨벤션센터,FC001909,1,민간(대학로 외),서울,영등포구,2010
640아트타워,FC001547,1,민간(대학로 외),서울,강남구,2016
ADM갤러리,FC003217,1,기타(비공연장),서울,강남구, 
ALVER(알베르),FC002065,1,기타(비공연장),서울,강남구,2018
ASSA 아트홀,FC003959,1,민간(대학로 외),서울,강서구, 
BOYS24 HALL(구. 메사고릴라전용관) (폐관),FC000582,1,민간(대학로 외),서울,중구,2000
BRST STUDIO,FC003893,1,민간(대학로 외),서울,마포구, 
CGV [대학로],FC003672,8,기타(비공연장),서울,종로구, 
CGV [압구정],FC002756,1,기타(비공연장),서울,강남구,2006
CGV [영등포],FC002776,1,기타(비공연장),서울,영등포구, 
CGV [용산],FC003548,20,기타(비공연장),서울,용산구,2004
CGV신한카드아트홀,FC000343,1,민간(대학로 외),서울,영등포구,2009
CJ아지트 광흥창,FC000082,1,민간(대학로 외),서울,마포구,2009
CJ아지트 대학로 (구. SM아트홀),FC000098,1,민간(대학로),서울,종로구,2016
CLUB VICTIM,FC003903,1,민간(대학로 외),서울,마포구, 
CLUB bender(클럽 벤더),FC002090,1,민간(대학로 외),서울,마포구, 
CTS아트홀,FC001472,1,민간(대학로 외),서울,동작구,2005
Cafe PPnF,FC002066,1,기타(비공연장),서울,종로구,2018
Cafe vave(베이브),FC002347,1,기타(비공연장),서울,마포구, 
D:BASE (디:베이스),FC002014,1,민간(대학로),서울,종로구,2015
DDP 동대문디자인플라자,FC002666,1,기타(비공연장),서울,중구,2014
DGT 아트센터,FC003882,1,민간(대학로 외),서울,마포구, 
DS ART HALL(창선당),FC002003,1,민간(대학로 외),서울,종로구,2014
DSM 아트홀,FC003694,1,민간(대학로 외),서울,마포구, 
Ean Hall For Jazz (이안홀),FC003001,1,민간(대학로 외),서울,강남구, 
GBB스페이스홀 (구. 임혁필소극장),FC001405,1,민간(대학로 외),서울,마포구,2012
G스페이스홀 (지스페이스홀),FC002693,1,민간(대학로 외),서울,마포구,2020
H-스테이지,FC003003,1,민간(대학로 외),서울,마포구, 
HOLE SEOUL(홀 서울),FC003575,1,기타(비공연장),서울,강남구, 
IMCL MUSIC STUDIO,FC003198,1,민간(대학로 외),서울,강서구,2022
IPAC홀(인터내셔널퍼포밍아트센터),FC002750,1,민간(대학로 외),서울,서초구, 
JCC 아트센터,FC001575,4,민간(대학로),서울,종로구,2015
JCC크리에이티브센터,FC003368,1,민간(대학로 외),서울,종로구, 
JDB스퀘어,FC001885,1,민간(대학로 외),서울,마포구,2018
JH아트홀,FC001073,1,민간(대학로),서울,종로구,2012
JS아트홀 (구. 고스트씨어터 구.다소니씨어터),FC001859,1,민간(대학로),서울,종로구,2018
JTN 아트홀(구. 대학로예술마당),FC000139,4,민간(대학로),서울,종로구,2016
JnJ아트컨벤션,FC002596,1,민간(대학로 외),서울,영등포구, 
KBEC발레시어터,FC001711,1,민간(대학로 외),서울,송파구,2017
KBS스포츠월드(아레나),FC001589,1,공공(기타),서울,강서구,2015
KBS홀,FC000380,1,공공(기타),서울,영등포구,1991
KBS홀 [별관],FC003890,1,민간(대학로 외),서울,영등포구, 
KB아트홀 [강남] (구. LIG아트홀 강남),FC001448,1,민간(대학로 외),서울,강남구,2006
KG타워,FC002384,1,기타(비공연장),서울,중구, 
KOCCA콘텐츠문화광장,FC001811,1,공공(기타),서울,동대문구,2017
KOMCA홀,FC003121,1,민간(대학로 외),서울,강서구, 
KOTE(코트),FC002685,1,민간(대학로 외),서울,종로구, 
KT&G 상상마당 대치아트홀,FC000052,1,민간(대학로 외),서울,강남구,2006
KT&G 상상마당 라이브홀 [마포],FC000328,2,민간(대학로 외),서울,마포구,2007
KT체임버홀,FC001205,1,민간(대학로 외),서울,양천구,2009
Kuonechan Object Vinyl Sign Event,FC003507,1,민간(대학로 외),서울,마포구, 
L&S아트홀(빛과소리아트홀),FC001484,1,민간(대학로 외),서울,서초구,2007
LDK,FC003927,1,민간(대학로 외),서울,용산구, 
LG아트센터 서울,FC003045,2,민간(대학로 외),서울,강서구,2022
LIG아트홀 [합정],FC001413,1,민간(대학로 외),서울,마포구,2013
LP Sound Studio,FC003262,1,민간(대학로 외),서울,서초구, 
Layer 41,FC003856,1,기타(비공연장),서울,성동구, 
M Stage(엠스테이지),FC001585,2,민간(대학로 외),서울,종로구, 
M50클럽,FC003414,1,민간(대학로),서울,마포구, 
MHN STAGE,FC001790,1,민간(대학로 외),서울,마포구, 
MILDEYES,FC003169,1,기타(비공연장),서울,용산구,2019
MKYU 캠퍼스,FC003201,1,기타(비공연장),서울,마포구, 
MODE 127,FC003174,1,민간(대학로 외),서울,용산구, 
Mfor 아트스페이스,FC002026,1,민간(대학로 외),서울,강남구, 
Moor Seoul,FC002411,1,민간(대학로 외),서울,용산구, 
Muno Studio,FC002991,1,민간(대학로 외),서울,서초구, 
M극장,FC000815,1,민간(대학로 외),서울,강남구,2006
NB2,FC003865,1,민간(대학로 외),서울,마포구, 
NC소극장 [강서],FC002456,1,민간(대학로 외),서울,강서구,2009
NH아트홀,FC000576,1,민간(대학로 외),서울,중구,2011
NVM,FC002850,1,기타(비공연장),서울,마포구, 
Naked Coffee,FC003852,1,기타(비공연장),서울,성동구, 
OHHO,FC003176,1,민간(대학로 외),서울,성동구, 
OTM청담아트홀 (구. 브로딘아트센터),FC001447,1,민간(대학로 외),서울,강남구,1996
OTO PROJECT,FC001651,1,민간(대학로 외),서울,마포구,1997
Process ITW(프로세스 이태원),FC003593,1,민간(대학로 외),서울,용산구, 
Provoke Seoul(프로보크 서울),FC002937,1,민간(대학로 외),서울,영등포구, 
R&J씨어터(구. 연진아트홀),FC001142,1,민간(대학로),서울,종로구,2006
RCM 스튜디오,FC003616,1,민간(대학로 외),서울,성동구, 
SAC 아트홀,FC001832,1,민간(대학로 외),서울,강남구,2017
SAC아리랑홀,FC002208,1,민간(대학로 외),서울,강남구,2012
SCC 선 아트홀,FC002828,1,민간(대학로 외),서울,서초구, 
"SCC홀(구. DS홀, 구. 서울바로크챔버홀)",FC001395,1,민간(대학로 외),서울,서초구,2005
SETEC,FC003293,1,기타(비공연장),서울,강남구,2014
SH아트홀,FC001384,1,민간(대학로),서울,종로구,2011
SILICA GEL VINYL POP-UP,FC003476,1,기타(비공연장),서울,마포구, 
SJ 쿤스트할레,FC003650,1,민간(대학로 외),서울,강남구, 
SJA HALL,FC001461,1,민간(대학로),서울,종로구,2013
SJ비보이극장(구. 비보이전용극장),FC001117,1,민간(대학로 외),서울,마포구,2005
SPACE B1(스페이스비원),FC002258,1,기타(비공연장),서울,서초구,2018
SPACE BRICK (스페이스브릭),FC002813,1,민간(대학로 외),서울,마포구, 
SPACE SODA2002,FC003806,1,민간(대학로 외),서울,마포구, 
SX Seoul,FC003899,1,민간(대학로 외),서울,용산구, 
T'able 비엘106 [강남],FC002697,1,기타(비공연장),서울,강남구, 
TCC 아트센터,FC001494,1,민간(대학로 외),서울,영등포구,2011
TINC This is Not a Church(구. 명성교회),FC002747,1,민간(대학로),서울,성북구,2020
The Nora stage Y(더노라 스테이지와이),FC002100,1,민간(대학로 외),서울,마포구, 
VERY(베리컴퍼니),FC001845,2,민간(대학로),서울,종로구, 
VOFOL(보폴),FC002098,1,민간(대학로 외),서울,광진구,2019
WILD WILD 전용관,FC002831,1,민간(대학로 외),서울,강남구, 
We.AN (갤러리위안),FC003342,1,기타(비공연장),서울,마포구, 
W아트홀(월드아트),FC003747,1,민간(대학로 외),서울,서초구, 
entry55,FC003161,1,민간(대학로 외),서울,동작구,2022
gaga77page,FC002403,1,기타(비공연장),서울,마포구, 
nuguna,FC003962,1,민간(대학로 외),서울,종로구, 
가나의집열림홀,FC000353,1,민간(대학로 외),서울,종로구,2005
가든파이브 라이프,FC001765,1,공공(기타),서울,송파구,2011
가온스테이지,FC002869,1,민간(대학로 외),서울,마포구, 
가톨릭청년회관,FC000802,1,민간(대학로 외),서울,마포구,2010
가화랑,FC003538,1,민간(대학로 외),서울,동작구,2018
갈산문화예술센터,FC002940,2,공공(문예회관),서울,양천구,2022
강남구 영동대로,FC003790,1,기타(비공연장),서울,강남구, 
강남구민회관,FC000787,1,공공(기타),서울,강남구,2005
강남씨어터,FC001619,1,공공(기타),서울,강남구,2007
강남아트홀,FC001077,2,민간(대학로 외),서울,서초구,2010
강동구민회관,FC001451,1,공공(기타),서울,강동구,1989
강동아트센터,FC000028,5,공공(문예회관),서울,강동구,2011
강동어린이회관,FC000835,1,공공(기타),서울,강동구,2007
강북문화예술회관,FC000032,2,공공(문예회관),서울,강북구,2001
강북솔밭국악당,FC002780,1,민간(대학로 외),서울,강북구, 
강서구민회관,FC000800,2,공공(문예회관),서울,강서구,1989
강서아트리움,FC003405,1,공공(문예회관),서울,강서구, 
갤러리 MHK,FC003999,1,기타(비공연장),서울,종로구, 
갤러리 도스,FC003679,1,기타(비공연장),서울,종로구, 
갤러리 디 아르테 청담,FC003951,1,민간(대학로 외),서울,강남구, 
갤러리 반포대로5,FC003094,1,기타(비공연장),서울,서초구, 
갤러리 사이,FC003595,1,민간(대학로 외),서울,서초구,2023
갤러리롤랑,FC002360,1,기타(비공연장),서울,종로구,2012
갤러리춘추,FC002413,1,기타(비공연장),서울,종로구, 
거암아트홀,FC003195,1,민간(대학로 외),서울,강남구,2022
건국대학교 새천년관,FC001080,1,민간(대학로 외),서울,광진구,2000
건설회관,FC001893,1,민간(대학로 외),서울,강남구, 
게릴라극장 (폐관),FC000163,1,민간(대학로),서울,종로구,2006
게토얼라이브,FC002304,1,민간(대학로 외),서울,성동구, 
경기대학교 [서울],FC002320,1,민간(대학로 외),서울,서대문구,2012
경기대학교 퍼포먼스홀,FC003643,1,공공(기타),서울,서대문구, 
경동교회,FC002248,1,기타(비공연장),서울,중구,1945
경로당,FC003787,1,기타(비공연장),서울,은평구, 
경리단 소셜클럽,FC003841,1,민간(대학로 외),서울,용산구, 
경복궁,FC002710,1,기타(비공연장),서울,종로구, 
경복궁아트홀,FC000194,1,민간(대학로 외),서울,종로구,2012
경향아트힐,FC000198,6,민간(대학로 외),서울,중구,2003
경희대학교 평화의전당,FC001291,1,민간(대학로 외),서울,동대문구,1999
고라니 특공대,FC003228,1,기타(비공연장),서울,마포구, 
고려대학교 녹지운동장,FC003877,1,민간(대학로 외),서울,성북구, 
고려대학교 인촌기념관,FC001486,1,민간(대학로 외),서울,성북구,1991
고려대학교 화정체육관,FC001908,1,기타(비공연장),서울,성북구,2006
고려사이버대학교,FC002022,1,기타(비공연장),서울,종로구,2001
고척스카이돔,FC001901,1,공공(기타),서울,구로구,2015
골드레이블 매직,FC002908,1,민간(대학로 외),서울,강남구, 
공간 222,FC001543,1,민간(대학로 외),서울,성북구,2016
공간 만차,FC003220,1,민간(대학로 외),서울,용산구, 
공간 아진,FC003361,1,민간(대학로 외),서울,동작구, 
공간 와디즈,FC002867,1,민간(대학로 외),서울,성동구, 
공간 파란여우,FC003838,1,민간(대학로 외),서울,성북구, 
공간 하제,FC003145,1,민간(대학로 외),서울,중구, 
공간씨어터 (폐관),FC001654,1,민간(대학로),서울,성북구, 
공간아울,FC001209,1,민간(대학로),서울,종로구,2010
공간홍연,FC002688,1,기타(비공연장),서울,서초구, 
공감M아트센터,FC002336,1,민간(대학로 외),서울,성북구,2018
공감센터,FC001818,1,민간(대학로 외),서울,중구,2006
공공그라운드,FC002465,1,민간(대학로),서울,종로구,2017
공덕교회,FC002235,1,기타(비공연장),서울,마포구,2010
공백공유,FC003789,1,민간(대학로 외),서울,성북구, 
공상온도,FC002075,1,기타(비공연장),서울,마포구,2016
공장갤러리,FC002447,1,기타(비공연장),서울,성동구, 
관악아트홀(구. 관악문화관),FC000036,1,공공(문예회관),서울,관악구,2002
광림아트센터,FC001370,2,민간(대학로 외),서울,강남구,2005
광야아트센터,FC002226,1,민간(대학로 외),서울,강남구,2019
광운대학교 동해문화예술관,FC002118,2,민간(대학로 외),서울,노원구,1994
광진어린이공연장,FC003360,1,민간(대학로 외),서울,광진구, 
광화문광장,FC002271,3,기타(비공연장),서울,종로구, 
광화문아트홀,FC001177,1,공공(문예회관),서울,종로구,2008
괜찮은홀 [중계] (폐관),FC001465,1,민간(대학로 외),서울,노원구,2001
교원투어빌딩,FC003680,2,민간(대학로 외),서울,종로구, 
구 사춤전용관(낙원상가) (폐관),FC001152,1,민간(대학로 외),서울,종로구,2004
구. LG아트센터,FC000002,1,민간(대학로 외),서울,강남구,2000
구로구민회관,FC000850,1,공공(문예회관),서울,구로구,1989
구로아트밸리,FC000783,1,공공(문예회관),서울,구로구,2008
구름아래소극장,FC002033,1,민간(대학로 외),서울,마포구,2019
구세군아트홀,FC002690,1,민간(대학로 외),서울,서대문구, 
국기원,FC001649,1,기타(비공연장),서울,강남구,1972
국립4·19민주묘지,FC003605,1,기타(비공연장),서울,강북구,1962
국립국악원,FC000009,5,국립,서울,서초구,1951
국립극단 [명동],FC000005,1,국립,서울,중구,2009
국립극단 [용산],FC001111,8,국립,서울,용산구,2010
국립극장,FC000003,6,국립,서울,중구,1973
국립정동극장,FC000006,2,국립,서울,중구,1995
국립정동극장 세실 (구.세실극장),FC001125,1,국립,서울,중구,1976
국립중앙박물관,FC001538,1,공공(기타),서울,용산구,2005
국립중앙박물관 극장 용,FC000008,1,국립,서울,용산구,2005
국민대학교 국제관,FC002363,1,민간(대학로 외),서울,성북구,1999
국민대학교 예술대학,FC001487,1,민간(대학로 외),서울,성북구,2001
국민대학교 제로원디자인센터,FC002469,1,민간(대학로),서울,종로구,2004
국제아트홀,FC002585,1,민간(대학로 외),서울,강남구, 
국제예술대학교,FC001947,1,민간(대학로 외),서울,강남구,2018
국화소극장,FC001567,1,민간(대학로 외),서울,동작구,2014
굿씨어터,FC001240,1,민간(대학로),서울,종로구,2004
그랜드 앰배서더 서울 풀만,FC002371,1,기타(비공연장),서울,중구,1989
그랜드 워커힐 서울(비스타 워커힐 서울),FC000839,2,민간(대학로 외),서울,광진구,2002
그랜드 인터컨티넨탈 서울 파르나스,FC002296,1,기타(비공연장),서울,강남구,2014
그랜드하얏트서울,FC002364,2,기타(비공연장),서울,용산구,2019
그레뱅뮤지엄,FC002370,1,기타(비공연장),서울,중구, 
그루브뮤직스튜디오 (GROOVE STUDIO),FC003644,1,민간(대학로 외),서울,중랑구, 
극단 작은곰 연습실,FC002742,1,민간(대학로 외),서울,강남구, 
극단 제이와이,FC003482,1,민간(대학로 외),서울,서대문구, 
극단틈새소극장,FC003601,1,민간(대학로 외),서울,관악구,2012
극장 PLOT,FC003048,1,민간(대학로 외),서울,서대문구, 
극장 동국,FC001226,1,민간(대학로),서울,종로구,2014
극장 봄 (봄소극장),FC001331,1,민간(대학로),서울,성북구,2011
극장 칸테움,FC001929,1,민간(대학로 외),서울,구로구, 
글래드호텔 [여의도],FC002430,1,기타(비공연장),서울,영등포구, 
글로리펍앤카페,FC002354,1,기타(비공연장),서울,마포구, 
글로벌지식협력단지,FC001898,1,기타(비공연장),서울,동대문구,1972
글루호텔 블루레인라운지,FC003178,1,민간(대학로),서울,종로구, 
금나래아트홀,FC000784,1,공공(문예회관),서울,금천구,2008
금천구민문화체육센터,FC000844,1,공공(기타),서울,금천구,2001
금천문화원(금천문화회관),FC000086,1,공공(기타),서울,금천구,1999
금천뮤지컬센터,FC003017,1,공공(기타),서울,금천구,2021
금호아트홀 (폐관),FC000391,2,민간(대학로 외),서울,종로구,2000
금호아트홀 연세,FC001556,1,민간(대학로 외),서울,서대문구,2015
긱라이브하우스,FC003052,1,민간(대학로 외),서울,마포구,2003
김동수플레이하우스 (폐관),FC000177,1,민간(대학로),서울,종로구,2000
김희수아트센터,FC001860,2,민간(대학로 외),서울,동대문구,2010
꿈나무극장,FC001541,1,공공(기타),서울,구로구,2016
꿈의숲아트센터,FC000567,3,공공(기타),서울,강북구,2009
꿈희망미래빌딩,FC003331,1,민간(대학로 외),서울,강남구, 
나니아의 옷장,FC002092,1,민간(대학로 외),서울,성북구,2015
나루아트센터,FC000039,3,공공(문예회관),서울,광진구,2005
나비카페,FC003732,1,기타(비공연장),서울,마포구, 
나온씨어터,FC000180,1,민간(대학로),서울,종로구,2008
낙원상가 페인터즈 전용관 (폐관),FC001324,1,민간(대학로 외),서울,종로구,2008
낙타브루잉 [강남],FC002660,1,기타(비공연장),서울,강남구, 
난지한강공원,FC001592,2,공공(기타),서울,마포구,2002
남대문교회,FC003453,1,민간(대학로 외),서울,중구,1885
남산골한옥마을,FC000568,7,공공(문예회관),서울,중구,2007
남산예술센터 (폐관),FC000930,1,공공(기타),서울,중구,2009
남산예술센터 드라마센터,FC003448,1,민간(대학로 외),서울,중구, 
남서울교회,FC001936,1,기타(비공연장),서울,서초구,1975
남서울대학교 아트센터 갤러리 이앙,FC001842,1,기타(비공연장),서울,종로구,2008
낭만극장,FC001342,1,민간(대학로 외),서울,종로구,2009
내유외강씨어터(구. 익스트림씨어터 1관),FC001095,1,민간(대학로),서울,종로구,2012
네스트나다,FC001596,1,민간(대학로 외),서울,마포구,2012
노들섬,FC002122,5,공공(기타),서울,용산구, 
노들장애인야학,FC001673,1,민간(대학로),서울,종로구,1994
노무현시민센터,FC003237,1,민간(대학로 외),서울,종로구, 
노원구민의전당(구. 노원구민회관),FC001264,1,공공(기타),서울,노원구,1989
노원문화예술회관,FC000046,2,공공(문예회관),서울,노원구,2004
노원어린이극장(구.노원어울림극장),FC001791,1,공공(문예회관),서울,노원구,2020
노을소극장,FC001274,1,민간(대학로),서울,종로구,2011
논현1 문화센터,FC002477,1,공공(기타),서울,강남구,2005
논현2동 문화예술관,FC000792,1,공공(기타),서울,강남구,1997
놀터예술공방,FC001424,1,민간(대학로),서울,성북구,2014
뉴미들클래스 [공덕],FC002580,1,기타(비공연장),서울,마포구, 
능동 어린이회관,FC000156,3,민간(대학로 외),서울,광진구,1975
다락방극장(을지트윈타워),FC003222,1,민간(대학로 외),서울,중구, 
다락스페이스,FC002353,1,민간(대학로 외),서울,성동구, 
다락원체육공원,FC002837,1,공공(기타),서울,도봉구, 
다리 소극장,FC002906,1,민간(대학로 외),서울,마포구, 
다바야누스,FC003883,1,민간(대학로 외),서울,강남구, 
달밤엔씨어터,FC001884,1,민간(대학로),서울,종로구,2014
달밤엔씨어터 (구. 푸른달극장),FC001160,1,민간(대학로),서울,성북구,2013
달빛극장,FC001204,1,민간(대학로),서울,종로구,2012
달식당 (Lunar Pub & Music),FC002423,1,기타(비공연장),서울,종로구, 
달콤한음악실,FC002063,1,민간(대학로 외),서울,마포구, 
당산동 커피,FC002432,1,기타(비공연장),서울,영등포구, 
당신의 여름,FC002197,1,기타(비공연장),서울,마포구,2014
대교타워 아이레벨홀,FC001570,1,민간(대학로 외),서울,관악구,2013
대안공간 루프,FC002788,1,민간(대학로 외),서울,마포구, 
대원 팝콘D 스퀘어,FC001844,1,민간(대학로 외),서울,용산구, 
대학로 A아트홀(구. 신연아트홀),FC001235,1,민간(대학로),서울,종로구,2005
"대학로 극장가게 (구. 문씨어터, 구. 지구인씨어터)",FC001388,1,민간(대학로),서울,종로구,2015
대학로 김대범소극장,FC001323,1,민간(대학로),서울,종로구,2012
대학로 달달씨어터,FC001353,1,민간(대학로),서울,종로구,2014
대학로 두레홀 3관,FC001440,1,민간(대학로),서울,종로구,2006
대학로 두레홀 4관 (폐관),FC001387,1,민간(대학로),서울,종로구,2007
대학로 마로니에소극장(플레이더씨어터),FC000769,1,민간(대학로),서울,종로구,1987
대학로 무하아트센터,FC003868,1,민간(대학로),서울,종로구, 
대학로 뮤지컬센터,FC001213,3,민간(대학로),서울,종로구,2013
대학로 스카이씨어터,FC001091,2,민간(대학로),서울,종로구,2010
대학로 웃찾사 전용관 (폐관),FC002610,1,민간(대학로),서울,종로구, 
대학로 위로홀(구. 몬스터홀),FC001229,1,민간(대학로),서울,종로구,2014
대학로 이음센터(한국장애인문화예술원),FC001404,2,공공(기타),서울,종로구,2015
대학로 일대,FC003535,1,민간(대학로),서울,종로구, 
대학로 자유극장 (자유문화발전소),FC000785,1,민간(대학로),서울,종로구,2005
대학로 판타스틱전용관,FC002229,1,민간(대학로),서울,종로구, 
대학로극장 (폐관),FC000494,1,민간(대학로),서울,종로구,1987
대학로단막극장,FC000774,1,민간(대학로),서울,종로구,1996
대학로스타시티,FC000389,6,민간(대학로),서울,종로구,2007
대학로예술극장,FC002633,3,국립,서울,종로구,2009
대한성공회 서울주교좌성당,FC001635,1,민간(대학로 외),서울,중구,1891
댕로홀,FC001099,1,민간(대학로),서울,종로구,2005
더 그란데 파티 앤 뮤직 스튜디오,FC002678,1,민간(대학로 외),서울,서초구,2020
더 그레잇 컬렉션,FC002947,1,민간(대학로 외),서울,서초구, 
더 리버사이드 호텔,FC003206,5,기타(비공연장),서울,서초구, 
더 리스닝 룸,FC003661,1,기타(비공연장),서울,마포구, 
더 서울 라운지,FC003175,1,민간(대학로 외),서울,용산구, 
더 서울라이티움 (갤러리아포레),FC002012,2,민간(대학로 외),서울,성동구,2017
더 씨어터,FC001249,1,민간(대학로),서울,종로구,2011
더 줌 아트센터,FC001994,1,민간(대학로 외),서울,용산구,2013
더더더,FC003918,1,민간(대학로 외),서울,중구, 
더블듀스,FC003294,1,민간(대학로 외),서울,서대문구, 
더샵갤러리,FC003027,1,민간(대학로 외),서울,강남구, 
더쇼 씨어터(THE SHOW THEATER),FC003376,1,민간(대학로 외),서울,강동구, 
더숲 초소책방,FC003026,1,기타(비공연장),서울,종로구, 
더스크블루,FC003189,1,기타(비공연장),서울,영등포구, 
더스튜디오HBC (The Studio HBC),FC003411,1,민간(대학로 외),서울,용산구, 
더초콜릿 전용관 (폐관),FC001222,1,민간(대학로),서울,종로구,2014
더케이아트홀,FC000119,1,민간(대학로 외),서울,서초구,1991
더케이호텔 [서울],FC001928,3,기타(비공연장),서울,서초구,1991
더켠 소극장,FC001987,1,민간(대학로 외),서울,강북구,2015
덜위치 칼리지 서울 영국학교,FC001988,1,기타(비공연장),서울,서초구,2010
데블스도어 센트럴시티점,FC003599,1,기타(비공연장),서울,서초구, 
도곡 율하우스,FC003469,1,민간(대학로 외),서울,강남구, 
도곡2문화센터,FC001100,1,공공(기타),서울,강남구,2010
도림교회,FC003604,2,민간(대학로 외),서울,영등포구, 
도봉구민회관,FC000218,2,공공(문예회관),서울,도봉구,1993
도토리씨어터,FC003374,2,민간(대학로),서울,종로구, 
동광교회,FC003371,1,기타(비공연장),서울,동작구, 
동국대학교,FC000570,2,민간(대학로 외),서울,중구,2008
동네극장,FC002912,1,민간(대학로 외),서울,동대문구, 
동대문구문화회관,FC001467,1,공공(기타),서울,동대문구,1997
동대문구민회관,FC001364,1,공공(기타),서울,동대문구,1989
동대문구체육관,FC002191,1,공공(기타),서울,동대문구, 
동덕여대공연예술센터,FC000528,1,민간(대학로),서울,종로구,2001
동덕여자대학교 백주년기념관,FC002080,1,민간(대학로 외),서울,성북구, 
동서울아트홀,FC000126,1,민간(대학로 외),서울,광진구,2012
동숭무대소극장,FC001203,1,민간(대학로),서울,종로구,2002
동숭아트센터 (폐관),FC000388,3,민간(대학로),서울,종로구,1989
동양예술극장(구. 아트센터K),FC001087,3,민간(대학로),서울,종로구,2015
동자아트홀,FC001783,1,민간(대학로 외),서울,용산구,2014
동작문화원,FC003271,1,공공(기타),서울,동작구, 
동작아트갤러리,FC003197,1,기타(비공연장),서울,동작구,2019
동화소극장,FC001275,1,민간(대학로),서울,종로구,2015
두남재아트홀,FC003799,1,민간(대학로 외),서울,강남구, 
두리춤터,FC000128,2,민간(대학로 외),서울,서초구,1990
두산아트센터,FC000402,3,민간(대학로 외),서울,종로구,2007
두잇아카펠라 Abar,FC002174,1,기타(비공연장),서울,종로구,2002
드라폼 (폐관),FC000025,1,민간(대학로 외),서울,양천구,2012
드림시어터 [대학로],FC001218,1,민간(대학로),서울,종로구,2012
드림홀,FC001945,1,민간(대학로 외),서울,마포구,2014
디 마르가리따,FC001892,1,기타(비공연장),서울,서초구,2013
디 진테제 하이 카페,FC003689,1,기타(비공연장),서울,성동구, 
디뮤지엄,FC003183,1,민간(대학로 외),서울,성동구, 
디스코너 더블식스 (DISCORNER 66),FC003627,1,민간(대학로 외),서울,성동구,2023
디어라이프,FC003602,1,민간(대학로 외),서울,마포구, 
디엔지홀(DNG HALL),FC002486,1,민간(대학로 외),서울,송파구,2015
디오니소스라운지,FC003772,1,기타(비공연장),서울,강남구, 
디큐브링크아트센터,FC000011,2,민간(대학로 외),서울,구로구,2011
뚝섬플레이스,FC002343,1,기타(비공연장),서울,성동구, 
뜻밖의 극장(구. 해우소소극장),FC001671,1,민간(대학로 외),서울,성북구,2018
라까사 호텔 [서울],FC002417,1,기타(비공연장),서울,강남구, 
라까사호텔 [압구정],FC003290,1,기타(비공연장),서울,강남구, 
라드 (L.A.D),FC003536,1,기타(비공연장),서울,마포구, 
라디오가가홀,FC002128,1,민간(대학로 외),서울,마포구, 
라마다호텔 [서울],FC002260,1,기타(비공연장),서울,강남구, 
라온씨어터,FC004018,1,민간(대학로),서울,종로구, 
라온아트홀,FC002760,1,민간(대학로),서울,종로구, 
라율아트홀,FC002132,1,민간(대학로 외),서울,서초구, 
라이브 썸데이즈홀 (구. 이수ENT),FC000360,2,민간(대학로),서울,종로구,2011
라이브 클럽 Amp,FC003330,1,민간(대학로 외),서울,마포구, 
라이브앤라우드,FC003096,1,민간(대학로 외),서울,마포구,2004
라이브클럽 빵,FC002946,1,민간(대학로 외),서울,마포구,1994
라이브클럽 협동조합,FC002323,1,기타(비공연장),서울,마포구, 
라이크디즈1601,FC002345,1,기타(비공연장),서울,중구, 
라이트 하우스,FC002829,1,민간(대학로 외),서울,성북구, 
라이트씨어터,FC001607,1,민간(대학로 외),서울,성북구,2017
라이프 씨어터,FC001102,1,민간(대학로),서울,종로구,2008
라임스퀘어,FC003235,1,민간(대학로 외),서울,강남구, 
라트어린이극장,FC000791,1,민간(대학로 외),서울,강남구,2002
락포티,FC002891,1,민간(대학로 외),서울,용산구, 
랑씨어터,FC001677,1,민간(대학로 외),서울,동대문구,2017
래리치,FC003436,1,기타(비공연장),서울,용산구, 
러스틱재즈,FC003869,1,민간(대학로 외),서울,마포구, 
레드빅스페이스,FC002112,1,민간(대학로 외),서울,마포구,2015
레미어린이극장 [금천],FC001565,1,민간(대학로 외),서울,금천구,2012
렌더,FC003827,1,기타(비공연장),서울,성동구, 
로데아트센터,FC003861,3,민간(대학로 외),서울,서초구,2024
로로스페이스,FC001982,1,민간(대학로 외),서울,서초구,2018
로얄아트홀,FC002249,1,민간(대학로 외),서울,서초구, 
로우키커피 [성수],FC002923,1,기타(비공연장),서울,성동구,2010
로운아뜨리움(로운아트홀),FC002330,3,민간(대학로 외),서울,양천구, 
로즈아트홀,FC002297,1,민간(대학로 외),서울,노원구,2013
롤링홀,FC000073,1,민간(대학로 외),서울,마포구,1995
롯데뮤지엄,FC002114,1,기타(비공연장),서울,송파구,2018
롯데백화점 [영등포],FC002120,1,민간(대학로 외),서울,중구, 
롯데백화점 [청량리],FC002106,1,민간(대학로 외),서울,동대문구, 
롯데백화점 문화홀 [김포공항],FC003299,1,민간(대학로 외),서울,강서구, 
롯데시네마 [건대입구],FC001733,2,기타(비공연장),서울,광진구,2007
롯데시네마 [월드타워],FC002402,21,기타(비공연장),서울,송파구, 
롯데월드,FC003502,1,기타(비공연장),서울,송파구, 
롯데콘서트홀,FC001513,1,민간(대학로 외),서울,송파구,2016
롯데호텔 [서울],FC002140,1,기타(비공연장),서울,중구, 
롯데호텔 [월드],FC002344,1,기타(비공연장),서울,송파구, 
루끄 LOOK [홍대],FC004011,1,기타(비공연장),서울,마포구, 
루프탑 투게더,FC003762,1,기타(비공연장),서울,마포구, 
룩아웃빌딩,FC003692,1,민간(대학로 외),서울,강남구, 
룸어씨어터,FC002708,1,민간(대학로),서울,종로구, 
리엠아트센터 LEEAM ART CENTER,FC003467,2,민간(대학로 외),서울,강남구, 
리조이스 스튜디오,FC003571,1,기타(비공연장),서울,강남구, 
리코디아 아트홀,FC001717,1,민간(대학로 외),서울,서초구,2013
링크아트센터,FC003244,2,민간(대학로),서울,종로구,2022
링크아트센터드림,FC001528,4,민간(대학로),서울,종로구,2016
마로니에공원,FC001923,2,기타(비공연장),서울,종로구,1975
마루아트홀,FC001815,1,민간(대학로),서울,종로구,2018
마리아칼라스홀,FC001571,1,민간(대학로 외),서울,강남구,2008
마우디 스튜디오,FC003544,1,기타(비공연장),서울,마포구, 
마이너즈 로타리 클럽,FC003611,1,민간(대학로 외),서울,동대문구, 
마이라이브홀,FC002211,1,민간(대학로 외),서울,강남구, 
마주 MAJU,FC003991,1,기타(비공연장),서울,마포구, 
마포구청,FC002600,1,공공(기타),서울,마포구, 
마포아트센터,FC000788,3,공공(문예회관),서울,마포구,2002
마포음악창작소,FC002888,1,민간(대학로 외),서울,마포구, 
마포중앙도서관,FC001822,1,공공(기타),서울,마포구,2017
만리동예술인주택,FC001662,1,기타(비공연장),서울,중구,2013
만천명월예술인가,FC003649,4,민간(대학로 외),서울,금천구, 
맛있는 극장,FC001105,1,민간(대학로),서울,종로구,2010
매지클,FC002103,1,민간(대학로 외),서울,강남구,2004
매직스트로베리사운드,FC002291,1,기타(비공연장),서울,마포구, 
맥거핀 서교,FC002815,1,민간(대학로 외),서울,마포구, 
맷멀(MatMul),FC003757,1,기타(비공연장),서울,성동구, 
메가박스 [코엑스],FC003837,1,기타(비공연장),서울,강남구, 
메이필드호텔,FC002419,1,기타(비공연장),서울,강서구,2003
메인이더넷,FC003313,1,민간(대학로 외),서울,강남구, 
메타코미디클럽,FC003775,1,민간(대학로 외),서울,마포구, 
멜랑슈 스튜디오,FC003773,1,기타(비공연장),서울,성북구, 
명동난타극장,FC000580,1,민간(대학로 외),서울,중구,2009
명동대성당,FC001716,3,기타(비공연장),서울,중구,2017
명륜아트홀,FC003682,1,민간(대학로),서울,종로구, 
명보아트홀,FC000883,6,민간(대학로 외),서울,중구,2008
명작극장 (구. 아츠플레이씨어터),FC001206,2,민간(대학로),서울,종로구,2017
명화라이브홀,FC003645,1,민간(대학로 외),서울,영등포구, 
모두예술극장,FC003609,1,민간(대학로 외),서울,서대문구,2023
모두의극장,FC002631,1,민간(대학로 외),서울,종로구, 
모차르트홀,FC000100,1,민간(대학로 외),서울,서초구,2004
목동 아이스링크,FC001964,1,공공(기타),서울,양천구,1989
목동청소년수련관,FC000337,1,공공(기타),서울,양천구,1988
목인박물관,FC003148,1,기타(비공연장),서울,종로구, 
몬드리안 서울 이태원,FC003916,1,민간(대학로 외),서울,용산구, 
몸소리말조아라 센터,FC003659,1,민간(대학로 외),서울,마포구, 
몽향라이브홀,FC002379,1,기타(비공연장),서울,서대문구, 
무계원,FC001377,1,기타(비공연장),서울,종로구,2014
무대륙,FC002193,1,기타(비공연장),서울,마포구,2005
무브홀,FC001902,1,민간(대학로 외),서울,마포구,2013
무신사 개러지(구. 왓챠홀),FC002949,1,민간(대학로 외),서울,마포구, 
문래레코드,FC003894,1,기타(비공연장),서울,영등포구, 
문래예술공장,FC001386,2,공공(기타),서울,영등포구,2010
문래재즈IN,FC002088,1,민간(대학로 외),서울,영등포구,2012
문릿아워,FC003458,1,기타(비공연장),서울,마포구, 
문악HOM,FC002319,1,민간(대학로 외),서울,마포구,2019
문엔트리,FC002812,1,기타(비공연장),서울,서초구, 
문화공간 아이원,FC001839,1,민간(대학로 외),서울,금천구,2013
문화공간 엘림홀,FC001260,1,민간(대학로),서울,종로구,2007
문화공간너나들이,FC003539,1,민간(대학로 외),서울,마포구, 
문화비축기지,FC002153,6,공공(기타),서울,마포구, 
문화역 서울 284,FC001382,1,공공(기타),서울,중구,2011
문화일보홀,FC000572,1,민간(대학로 외),서울,중구,1995
문화정원 아트홀,FC001557,1,민간(대학로 외),서울,금천구,2015
물빛극장,FC003870,1,민간(대학로),서울,종로구, 
뭇(moot),FC003454,1,민간(대학로 외),서울,강남구, 
뭐든지 소극장,FC002792,1,민간(대학로 외),서울,종로구,2021
뮤즈 서울 (MUSE SEOUL),FC003830,1,민간(대학로 외),서울,강남구, 
뮤직앤아트스튜디오,FC002639,1,민간(대학로 외),서울,동작구, 
뮤직클락홀,FC002704,1,민간(대학로 외),서울,서초구, 
미마지아트센터,FC000227,3,민간(대학로),서울,종로구,2008
미스치프 플래그쉽 스토어,FC002368,1,기타(비공연장),서울,강남구,2019
미아리 마을극장,FC001452,1,민간(대학로 외),서울,강북구,2008
미아리고개예술극장(구. 미아리예술극장),FC000258,1,공공(기타),서울,성북구,2009
민속극장풍류,FC000161,1,공공(기타),서울,강남구,1997
민송아트홀 (구. 브로드웨이아트홀),FC001682,2,민간(대학로),서울,종로구,2017
바라아트홀(구. 블루블랙 전용관) (폐관),FC000120,1,민간(대학로 외),서울,강남구,2012
바탕골소극장,FC001174,1,민간(대학로),서울,종로구,1986
박정희대통령기념재단,FC003579,1,민간(대학로 외),서울,마포구,1999
반얀트리 클럽 앤 스파 [서울],FC002124,3,기타(비공연장),서울,중구,2010
반쥴,FC002361,1,기타(비공연장),서울,종로구, 
반포심산아트홀,FC001958,1,공공(기타),서울,서초구,2011
반포아트홀 M,FC000111,1,민간(대학로 외),서울,서초구,2011
밤부컬렉션,FC002173,1,기타(비공연장),서울,강남구,2019
배우세상소극장 (폐관),FC001499,1,민간(대학로 외),서울,종로구,2006
백남아트홀,FC000066,1,민간(대학로 외),서울,성동구,2009
백석예술대학교,FC002252,1,민간(대학로 외),서울,서초구, 
백암아트홀,FC000062,1,민간(대학로 외),서울,강남구,2004
백지장 [신도림 지하철],FC002738,1,민간(대학로 외),서울,영등포구, 
버금아트센터,FC003213,1,민간(대학로 외),서울,광진구, 
번동 금강빌라,FC002730,1,기타(비공연장),서울,강북구, 
벙커616,FC003928,1,민간(대학로 외),서울,강남구, 
베아오페라음악예술원,FC003427,1,민간(대학로 외),서울,서초구, 
베어홀(Bear Hall),FC001439,1,민간(대학로 외),서울,강남구,2011
베이스먼트원(VASSMENTONE),FC003019,1,민간(대학로 외),서울,강남구, 
베짱이홀,FC001838,1,민간(대학로 외),서울,마포구,2013
베톤부르트(BETON BRUT),FC002855,1,기타(비공연장),서울,용산구, 
벨그라데 스튜디오(Belgrade Studio),FC002401,1,기타(비공연장),서울,광진구, 
벨로주 [망원],FC002027,1,민간(대학로 외),서울,마포구,2018
벨로주 [홍대] (구. 왓에버),FC002035,1,민간(대학로 외),서울,마포구,2008
벨지움 재즈카페,FC002892,1,기타(비공연장),서울,강남구, 
별빛소극장,FC002746,1,민간(대학로 외),서울,마포구, 
보광극장,FC002625,1,민간(대학로 외),서울,용산구,2017
보틀라운지,FC003534,1,민간(대학로),서울,서대문구, 
복합공간 우리누리아트홀,FC003430,1,민간(대학로 외),서울,관악구, 
복합문화공간 누룸,FC002046,1,민간(대학로 외),서울,마포구,2018
복합문화공간 미인도,FC002583,1,민간(대학로 외),서울,성북구,2015
복합문화공간 사유,FC002761,1,민간(대학로 외),서울,용산구,2017
복합문화공간에무,FC001645,4,민간(대학로 외),서울,종로구,2010
복합한옥공간 곳,FC002682,1,기타(비공연장),서울,종로구, 
봄날아트홀(구. 아리랑소극장),FC000453,2,민간(대학로),서울,종로구,1996
부띠크 모나코 뮤지엄,FC003353,1,기타(비공연장),서울,서초구, 
부암아트홀,FC000738,1,민간(대학로 외),서울,종로구,1995
북극곰소극장(구.아뮤스소극장),FC001814,1,민간(대학로),서울,종로구,2019
북쌔즈 복합문화공간,FC001850,1,민간(대학로 외),서울,강남구,2018
북아현아트홀,FC002894,1,공공(기타),서울,서대문구,2021
북촌나래홀,FC000558,1,민간(대학로 외),서울,종로구,2010
북촌아트홀,FC000461,1,민간(대학로 외),서울,종로구,2010
북촌창우극장,FC001066,1,민간(대학로 외),서울,종로구,1993
불과얼음 뮤지컬 워크숍극장,FC000135,1,민간(대학로 외),서울,마포구,2012
뷰미디어 드림시어터 역삼,FC003632,1,민간(대학로 외),서울,강남구, 
브라움홀,FC003914,1,민간(대학로 외),서울,서초구, 
브람스앤리스트,FC003489,1,민간(대학로 외),서울,서초구, 
브러쉬씨어터(롯데서울숲IT캐슬),FC001919,1,민간(대학로 외),서울,성동구,2018
브로일링커피 강동점,FC004020,1,기타(비공연장),서울,강동구, 
브릭스씨어터 (구. 콘텐츠 그라운드 구. 브로드웨이아트홀 [3관]),FC001199,1,민간(대학로),서울,종로구,2007
브이매직홀,FC002109,1,민간(대학로 외),서울,광진구, 
블라인드아트홀,FC002219,1,민간(대학로 외),서울,광진구,2019
블루라이트 라이브 홀,FC000079,1,민간(대학로 외),서울,마포구,2011
블루스퀘어,FC000031,4,민간(대학로 외),서울,용산구,2011
블루프린트,FC002381,1,기타(비공연장),서울,마포구, 
비어바나,FC002657,1,기타(비공연장),서울,영등포구, 
비플러스엠,FC002385,1,기타(비공연장),서울,마포구, 
뿐또블루(punto blu),FC002196,1,기타(비공연장),서울,성동구, 
사각사각 플레이스,FC003979,1,공공(기타),서울,송파구, 
사다리움직임연구소,FC001856,1,민간(대학로),서울,성북구,1998
사당역,FC002985,1,기타(비공연장),서울,동작구, 
사랑의교회,FC003093,1,기타(비공연장),서울,서초구, 
사랑하니까 이야기다,FC001703,1,민간(대학로 외),서울,마포구,2016
사비나미술관,FC002378,3,기타(비공연장),서울,은평구,1996
사오공라이브스튜디오,FC002352,1,민간(대학로 외),서울,서초구,2018
사유집,FC003124,1,기타(비공연장),서울,마포구, 
사이드노트클럽(Side Note Club),FC002172,1,민간(대학로 외),서울,마포구, 
사진가 김신중의 스튜디오,FC003933,1,기타(비공연장),서울,광진구, 
산성교회,FC002244,1,기타(비공연장),서울,마포구,1971
산울림소극장,FC000798,1,민간(대학로 외),서울,마포구,1985
살라1,FC003596,1,민간(대학로 외),서울,마포구, 
살레시오교육영성센터,FC003005,1,민간(대학로 외),서울,영등포구, 
살롱 문보우,FC002040,1,기타(비공연장),서울,마포구,2018
삼각산 정법사,FC002941,1,기타(비공연장),서울,성북구, 
삼모아트센터,FC001831,1,민간(대학로 외),서울,관악구,2012
"삼성아트홀(구. 로빈아트홀, 구. 인산아트홀)",FC001446,1,민간(대학로 외),서울,강남구, 
삼일로창고극장,FC000248,1,민간(대학로 외),서울,중구,1975
삼청각,FC000817,1,기타(비공연장),서울,성북구,1972
삼청로 146,FC002501,1,민간(대학로 외),서울,종로구,2015
삼형제극장(환상극장),FC001119,1,민간(대학로),서울,종로구,2009
상명아트센터,FC001702,2,민간(대학로 외),서울,종로구,2009
상명아트홀,FC000763,2,민간(대학로),서울,종로구,2001
상상나라극장,FC001462,1,공공(기타),서울,광진구, 
상상아트홀 블루관 (폐관),FC000186,1,민간(대학로),서울,종로구,2004
상설무대 우리소리소극장,FC002502,1,민간(대학로 외),서울,마포구,1993
상암월드컵공원,FC002202,1,공공(기타),서울,마포구,2002
새미기픈믈,FC003950,1,민간(대학로 외),서울,종로구, 
생기 스튜디오,FC002028,1,민간(대학로 외),서울,마포구,2018
생츄어리(sanctuary),FC003370,1,기타(비공연장),서울,마포구, 
샤론홀,FC003054,1,민간(대학로 외),서울,서초구, 
샤롯데씨어터,FC000012,1,민간(대학로 외),서울,송파구,2006
서강대 메리홀,FC001216,2,민간(대학로 외),서울,마포구,1970
서경대학교 공연예술센터,FC001877,2,민간(대학로),서울,종로구,2018
서경대학교 문예관,FC002418,1,민간(대학로 외),서울,성북구,1947
서대문독립공원,FC003633,1,국립,서울,서대문구,1992
서대문문화체육회관,FC001668,2,공공(문예회관),서울,서대문구,1993
서리풀 아트홀,FC003221,1,민간(대학로 외),서울,서초구, 
서서울예술교육센터,FC003180,4,민간(대학로 외),서울,양천구,2016
서소문성지 역사박물관,FC002641,1,기타(비공연장),서울,중구, 
서연아트홀(구. 인아소극장),FC001223,1,민간(대학로),서울,종로구,2013
서완소극장(구. 씨어터고리),FC001201,1,민간(대학로),서울,종로구,2009
서울고속버스터미널,FC003007,1,민간(대학로 외),서울,서초구, 
서울교육대학교,FC001954,1,공공(기타),서울,서초구,2003
서울글로벌문화체험센터,FC002503,1,공공(기타),서울,중구,2009
서울놀이마당,FC001489,1,공공(기타),서울,송파구,1984
서울대학교,FC002611,4,공공(기타),서울,관악구, 
서울돈화문국악당,FC001441,1,공공(기타),서울,종로구,2016
서울마리나,FC002150,1,민간(대학로 외),서울,영등포구, 
서울마포음악창작소(구.뮤지스땅스),FC001628,1,민간(대학로 외),서울,마포구,2014
서울문화재단 대학로극장 쿼드(예술청),FC003018,2,공공(문예회관),서울,종로구,2022
서울생활문화센터 서교,FC002858,1,민간(대학로 외),서울,마포구,2020
서울생활문화센터 신도림 지하 소극장,FC003116,1,민간(대학로 외),서울,구로구, 
서울숲 스튜디오301,FC002950,1,민간(대학로 외),서울,성동구,2021
서울숲공원,FC002042,2,기타(비공연장),서울,성동구,2005
서울시립광진청소년수련관,FC000124,2,공공(기타),서울,광진구,2008
서울시립대학교,FC001879,1,공공(기타),서울,동대문구,1987
서울시립청소년음악센터,FC003651,1,공공(기타),서울,양천구, 
서울시민청,FC002438,2,공공(기타),서울,중구, 
서울시산악문화체험센터,FC003232,2,기타(비공연장),서울,마포구, 
서울아트센터,FC003417,1,민간(대학로 외),서울,종로구,2023
서울애니메이션센터,FC001700,1,공공(기타),서울,중구,2005
서울어린이대공원,FC002349,1,기타(비공연장),서울,광진구,2009
서울여자대학교,FC003173,1,민간(대학로 외),서울,노원구, 
서울월드컵경기장,FC003347,1,기타(비공연장),서울,마포구, 
서울혁신파크,FC002069,2,공공(기타),서울,은평구,2014
서울호서예술실용전문학교,FC003033,1,민간(대학로 외),서울,강서구, 
서진교회,FC002243,1,기타(비공연장),서울,마포구,2003
서초구청,FC003144,1,공공(기타),서울,서초구, 
서초문화예술회관(구. 서초구민회관),FC001485,1,공공(문예회관),서울,서초구,1989
서초아트센터,FC002808,1,민간(대학로 외),서울,서초구, 
선농단역사문화관,FC003939,1,공공(기타),서울,동대문구,2015
선돌극장,FC000362,1,민간(대학로),서울,종로구,2007
선릉문화공간 제이드409,FC003241,1,민간(대학로 외),서울,강남구,2022
선릉아트홀(구. 아트홀 가얏고을),FC002517,1,민간(대학로 외),서울,강남구,2017
선릉유아트홀,FC003229,1,민간(대학로 외),서울,강남구, 
설렘아트홀,FC002819,1,민간(대학로 외),서울,광진구, 
설치극장 정미소 (폐관),FC001122,1,민간(대학로),서울,종로구,2002
섬유센터,FC002392,1,민간(대학로 외),서울,강남구, 
성균관대학교 경영관 소극장,FC003608,1,민간(대학로 외),서울,종로구, 
성균관대학교 새천년홀,FC001351,1,민간(대학로 외),서울,종로구,1999
성균소극장,FC001262,1,민간(대학로),서울,종로구,2006
성동청소년수련관,FC001373,1,공공(기타),서울,성동구,2004
성미산마을극장 향,FC000138,1,민간(대학로 외),서울,마포구,2009
성민아트홀,FC003754,1,민간(대학로 외),서울,노원구, 
성북구민회관,FC001423,1,공공(기타),서울,성북구,1990
성북마을극장,FC001361,1,민간(대학로),서울,성북구,2015
성북미디어문화마루 꿈빛극장,FC002770,1,공공(기타),서울,성북구,2021
성북장애인자립생활센터,FC003770,1,기타(비공연장),서울,성북구, 
성북정보도서관,FC002410,1,공공(기타),서울,성북구, 
성북청소년수련관,FC000169,1,공공(기타),서울,성북구,2003
성수 소극장,FC002589,1,민간(대학로 외),서울,성동구,2019
성수문화예술마당(구.삼표 레미콘부지),FC003656,1,민간(대학로 외),서울,성동구,2023
성수아트홀(성수문화복지회관),FC001173,1,공공(문예회관),서울,성동구,2012
성신여자대학교 돈암수정캠퍼스,FC001527,1,민간(대학로 외),서울,성북구,1995
성신여자대학교 운정그린캠퍼스,FC001390,1,민간(대학로 외),서울,강북구,2011
성암아트센터,FC001444,1,민간(대학로 외),서울,강남구,2005
세라믹팔레스홀,FC000047,1,민간(대학로 외),서울,강남구,2003
세르클 [한남],FC003413,1,기타(비공연장),서울,용산구, 
세븐파이프홀,FC001612,1,민간(대학로 외),서울,마포구,2015
세빛섬,FC003265,1,공공(기타),서울,서초구,2015
세상에서제일작은한평극장,FC001574,1,민간(대학로 외),서울,종로구,2012
세실아트홀,FC001531,1,민간(대학로 외),서울,강남구,2016
세우아트센터,FC000794,2,민간(대학로),서울,종로구,2002
세원정밀창고,FC003712,1,기타(비공연장),서울,성동구, 
세익스피어 극장 (폐관),FC001090,1,민간(대학로),서울,종로구,2008
세종대학교 광개토관,FC002399,2,민간(대학로 외),서울,광진구, 
세종대학교 대양홀,FC000197,1,민간(대학로 외),서울,광진구,2012
세종대학교 충무관,FC001789,1,민간(대학로 외),서울,광진구,1978
세종문화회관,FC000020,8,공공(문예회관),서울,종로구,1978
세종아트센터 (폐관),FC001542,1,민간(대학로),서울,종로구,2015
소극장 The켠,FC001626,1,민간(대학로 외),서울,강북구,2016
소극장 공유,FC001266,1,민간(대학로),서울,종로구,2009
소극장 꿈꾸는 공작소,FC001211,1,민간(대학로),서울,종로구,2011
소극장 다르게놀자,FC001127,1,민간(대학로),서울,종로구,2007
소극장 무극,FC003149,1,민간(대학로),서울,종로구, 
소극장 선물 1관,FC003462,1,민간(대학로),서울,종로구, 
소극장 선물 2관,FC003537,1,민간(대학로),서울,종로구, 
소극장 시월 (폐관),FC001128,1,민간(대학로),서울,종로구,2010
소극장 창덕궁,FC001215,1,민간(대학로 외),서울,종로구,2008
소극장 천공의 성 (폐관),FC001273,1,민간(대학로),서울,종로구,2011
소극장 축제,FC000488,1,민간(대학로),서울,종로구,2003
소극장 플랫폼74,FC002677,1,민간(대학로),서울,종로구,2020
소극장 혜화당(구. 까망소극장),FC001085,1,민간(대학로),서울,종로구,1993
소디스 펍,FC002795,1,기타(비공연장),서울,관악구, 
소리아트홀 (폐관),FC000190,3,민간(대학로),서울,종로구,2010
소셜베뉴 라움,FC001705,3,민간(대학로 외),서울,강남구,2010
소울소극장,FC001293,1,민간(대학로),서울,종로구,2009
소월아트홀(성동문화회관),FC001131,1,공공(문예회관),서울,성동구,1989
소전서림,FC003194,1,기타(비공연장),서울,강남구, 
송파구민회관,FC002510,1,공공(기타),서울,송파구,1994
송파문화원,FC001492,1,공공(기타),서울,송파구,1994
송파브이아트홀,FC002357,1,민간(대학로 외),서울,송파구, 
송파어린이문화회관,FC003364,1,공공(기타),서울,송파구,2010
송파여성문화회관,FC000822,1,공공(기타),서울,송파구,2001
송해아트홀,FC003855,1,민간(대학로 외),서울,구로구,2024
숏서킷,FC002913,1,민간(대학로 외),서울,용산구, 
수상한거리 워십센터,FC002728,1,민간(대학로 외),서울,마포구, 
수상한창고,FC003365,1,민간(대학로 외),서울,금천구,2021
수서청소년수련관,FC001372,1,공공(기타),서울,강남구,1994
수유문화공간 옐로우바스켓,FC002511,1,민간(대학로 외),서울,강북구,2017
수유연극실험실,FC003525,1,민간(대학로 외),서울,강북구, 
숙명여자대학교 르네상스플라자 (폐관),FC001495,1,민간(대학로 외),서울,용산구,1995
순위아트홀(구. 네오아트홀) [강남],FC001251,1,민간(대학로 외),서울,서초구,2013
순위아트홀1관 [대학로],FC001228,1,민간(대학로),서울,종로구,2014
순화동천,FC003025,1,민간(대학로 외),서울,중구, 
숨 아트리움,FC003238,1,민간(대학로 외),서울,광진구, 
숭실대학교 한경직기념관,FC002299,1,민간(대학로 외),서울,동작구,1997
숲세권 라이브,FC003092,1,민간(대학로 외),서울,영등포구, 
쉐라톤 호텔 [팔래스 강남],FC001956,1,기타(비공연장),서울,서초구,1982
쉘터 & 페이퍼 (SHELTER & PAPER),FC003973,2,민간(대학로 외),서울,용산구, 
슈피겐홀,FC002005,1,민간(대학로 외),서울,강남구,2018
슈필렌하우스 & 슈필렌아트홀,FC003471,1,민간(대학로 외),서울,서초구, 
스와뉴 스튜디오,FC003233,1,민간(대학로 외),서울,마포구, 
스위스그랜드호텔,FC001821,3,기타(비공연장),서울,서대문구,1988
스카이아트홀,FC003373,1,민간(대학로 외),서울,강서구,2022
스콘뮤직홀,FC002366,1,민간(대학로),서울,종로구, 
스타스테이지,FC003274,1,민간(대학로),서울,종로구,2022
스타인웨이 갤러리 서울,FC002848,1,기타(비공연장),서울,서초구, 
스타카페 라부에노,FC002053,1,기타(비공연장),서울,마포구,2018
스튜디오 QDA(구. 춤공장),FC001425,1,민간(대학로 외),서울,영등포구,2013
스튜디오 까에,FC002393,1,민간(대학로 외),서울,마포구, 
스튜디오 낙원,FC003255,1,민간(대학로 외),서울,종로구, 
스튜디오 다락,FC003031,1,민간(대학로 외),서울,종로구, 
스튜디오 리움,FC003127,1,민간(대학로 외),서울,서대문구, 
스튜디오 바이탈 바이브,FC003428,1,민간(대학로 외),서울,강남구, 
스튜디오 반사,FC002389,1,기타(비공연장),서울,마포구, 
스튜디오 별감,FC003620,1,민간(대학로 외),서울,마포구,2023
스튜디오 블루,FC002989,1,민간(대학로),서울,종로구, 
스튜디오 아트모스,FC002817,1,기타(비공연장),서울,서초구, 
스튜디오 에픽,FC002435,1,기타(비공연장),서울,마포구, 
스튜디오 일상,FC003378,1,민간(대학로 외),서울,성북구, 
스튜디오 하늘,FC003030,1,민간(대학로 외),서울,종로구, 
스튜디오708,FC003957,1,민간(대학로 외),서울,서초구, 
스튜디오SK,FC001537,1,민간(대학로),서울,종로구,2013
스튜디오로그,FC002267,1,민간(대학로 외),서울,서대문구, 
스트라디움 스튜디오,FC001568,1,민간(대학로 외),서울,용산구,2015
스트레인지 프룻,FC002278,1,기타(비공연장),서울,마포구, 
스페이스 36.5,FC002041,1,민간(대학로 외),서울,영등포구,2017
스페이스 DO,FC003095,1,민간(대학로 외),서울,중구, 
스페이스 G.I,FC002943,1,민간(대학로 외),서울,강남구, 
스페이스 거북이,FC003925,1,기타(비공연장),서울,강동구, 
스페이스 나인,FC002434,1,기타(비공연장),서울,영등포구,2015
스페이스 아이,FC001576,1,민간(대학로),서울,종로구,2014
스페이스 청,FC002171,1,민간(대학로 외),서울,마포구, 
스페이스T (SPACE T)(경계없는예술센터),FC003267,1,민간(대학로 외),서울,영등포구, 
스페이스바움,FC001450,1,민간(대학로 외),서울,강남구,2013
스페이스코르,FC002659,1,기타(비공연장),서울,종로구, 
스페이스클라우드,FC003519,1,민간(대학로 외),서울,종로구,2013
스페이스한강,FC003254,1,민간(대학로 외),서울,마포구, 
스피닝울프 성수,FC002640,1,기타(비공연장),서울,성동구, 
슬로우시티,FC001633,1,민간(대학로 외),서울,서초구, 
슬로우파크,FC002587,1,기타(비공연장),서울,종로구, 
시네코아 사춤 전용관 (폐관),FC001254,1,민간(대학로 외),서울,종로구,2015
시네코아 쉐프 전용관(구. 시네코아 비밥 전용관),FC000383,1,민간(대학로 외),서울,종로구,2006
시대여관,FC002701,1,기타(비공연장),서울,종로구, 
시립마포청소년센터,FC002601,1,공공(기타),서울,마포구,2008
"시온아트홀 (구. JK아트홀, 구. 샘아트홀)",FC001298,1,민간(대학로),서울,종로구,2017
식스티세컨즈 라운지,FC002325,1,기타(비공연장),서울,용산구, 
신도림 테크노마트,FC003276,1,기타(비공연장),서울,구로구, 
신림중앙시장,FC003403,1,기타(비공연장),서울,관악구, 
신명나눔 공간 마루채,FC001458,1,민간(대학로),서울,종로구,2003
신세계남산,FC003625,1,민간(대학로 외),서울,중구, 
신세계백화점 본점,FC003920,1,민간(대학로 외),서울,중구, 
신영체임버홀,FC001868,1,민간(대학로 외),서울,영등포구,2018
신촌 더 스테이지 (폐관),FC000097,1,민간(대학로 외),서울,서대문구,2009
신촌 파랑고래,FC002279,1,민간(대학로 외),서울,서대문구,2019
신촌극장,FC001706,1,민간(대학로 외),서울,서대문구,2017
신촌문화발전소,FC001854,1,공공(기타),서울,서대문구,2018
신촌아트레온,FC000210,2,기타(비공연장),서울,서대문구,2012
신한뮤직,FC003492,1,민간(대학로 외),서울,강남구, 
신한아트홀,FC001445,1,민간(대학로 외),서울,강남구,2004
신한카드 SOL페이 스퀘어(구.신한pLay 스퀘어),FC000847,2,민간(대학로 외),서울,마포구,2013
실험무대702,FC003832,1,민간(대학로 외),서울,서대문구, 
쌀롱드무지끄,FC002062,1,민간(대학로 외),서울,종로구,2019
썬프라자 아트홀 (폐관),FC000340,1,민간(대학로 외),서울,영등포구,1996
썸컴퍼니앤 광태소극장,FC003199,1,민간(대학로 외),서울,관악구, 
씨드큐브 창동,FC003665,1,민간(대학로 외),서울,도봉구,2023
씨어터 송,FC001283,1,민간(대학로 외),서울,서초구,2012
씨어터 쿰,FC002588,1,민간(대학로),서울,종로구, 
씨어터조이 (구. 마당세실극장),FC000419,1,민간(대학로),서울,종로구,1997
씩씩 뮤직바,FC003853,1,민간(대학로 외),서울,성동구, 
아가파오미니스트리,FC002952,1,기타(비공연장),서울,강남구, 
아라리오뮤지엄,FC001622,1,민간(대학로 외),서울,종로구,2015
아라아트홀,FC003839,1,민간(대학로),서울,종로구, 
아로아로홀,FC003857,1,민간(대학로 외),서울,마포구, 
"아루또소극장(구. 소담소극장, 구. 코메디컬센터)",FC001379,1,민간(대학로),서울,종로구,2017
아르떼홀,FC001478,1,민간(대학로 외),서울,마포구,2013
아르코 꿈밭극장 (구.학전),FC000744,3,민간(대학로),서울,종로구,1991
아르코예술극장,FC002632,5,국립,서울,종로구,1981
아름다운극장,FC001092,1,민간(대학로),서울,종로구,2008
아리수아트홀,FC000324,1,민간(대학로 외),서울,영등포구,2011
아만티호텔,FC002907,1,기타(비공연장),서울,마포구,2016
아스가르드 씨어터(구. 낙산씨어터),FC002932,1,민간(대학로),서울,종로구, 
아시아공원,FC002516,1,공공(기타),서울,송파구,1986
아시티스,FC003880,1,민간(대학로 외),서울,관악구, 
아우라 라이브카페,FC003256,1,민간(대학로 외),서울,강서구, 
아울로스 아트홀 (폐관),FC001344,1,민간(대학로 외),서울,동작구,2013
아이다호,FC003831,1,민간(대학로 외),서울,마포구, 
아이디어스 크래프트하우스,FC002301,1,기타(비공연장),서울,마포구, 
아이러브아트홀,FC001820,1,민간(대학로 외),서울,강남구,2018
아이팍 아트홀,FC003764,1,민간(대학로 외),서울,서초구, 
아이해브어드림,FC003214,1,기타(비공연장),서울,강남구, 
아일랜드이너프 도산공원점,FC002859,1,기타(비공연장),서울,강남구, 
아일랜드이너프 마곡점,FC002860,1,기타(비공연장),서울,강서구, 
아일랜드이너프 사당점,FC002861,1,기타(비공연장),서울,관악구, 
아일랜드이너프 선릉점,FC002862,1,기타(비공연장),서울,강남구, 
아일랜드이너프 양재점,FC002863,1,기타(비공연장),서울,서초구, 
아일랜드이너프 연남점,FC002864,1,기타(비공연장),서울,마포구, 
아일랜드이너프 이태원점,FC002865,1,기타(비공연장),서울,용산구, 
아케이드서울 [문래],FC003803,1,민간(대학로 외),서울,영등포구,2023
아트라운지멋진하늘,FC001817,1,민간(대학로 외),서울,종로구,2011
아트비프로젝트,FC003202,1,기타(비공연장),서울,종로구, 
아트선재센터,FC001730,1,기타(비공연장),서울,종로구,1998
아트스페이스3,FC003860,1,기타(비공연장),서울,종로구, 
아트지트 코미디 클럽,FC003567,1,민간(대학로 외),서울,강남구, 
아트코드갤러리,FC003349,1,기타(비공연장),서울,강남구, 
아트포레스트 아트홀,FC001603,2,민간(대학로),서울,종로구,2016
아트하우스,FC003224,1,민간(대학로),서울,종로구, 
아트홀 봄,FC001473,1,공공(기타),서울,동작구,2002
아트홀제이,FC001808,1,민간(대학로 외),서울,송파구,2016
아틀리에 스톰프,FC002816,1,민간(대학로 외),서울,강남구, 
아프리카 콜로세움,FC003204,1,민간(대학로 외),서울,마포구, 
아프리카TV 프릭업 스튜디오,FC003291,1,민간(대학로 외),서울,강남구, 
안똔체홉극장,FC001137,2,민간(대학로),서울,종로구,2007
안톤 홀,FC004007,1,기타(비공연장),서울,서초구, 
알디스페이스 아트홀 (폐관),FC001846,1,민간(대학로 외),서울,강남구,2017
알록 에피소드,FC001632,1,민간(대학로 외),서울,용산구, 
알에스엠타워(RSM타워),FC003900,1,기타(비공연장),서울,금천구, 
알카드 스튜디오,FC002748,1,기타(비공연장),서울,종로구,2020
암사어린이극장,FC000184,1,민간(대학로 외),서울,강동구,2005
압구정아트홀(구. 오퍼스아트홀) (폐관),FC000176,1,민간(대학로 외),서울,강남구,2010
압구정예홀(압구정클럽),FC000037,1,민간(대학로 외),서울,강남구,2006
앙상블리안,FC002683,1,민간(대학로 외),서울,강남구, 
앙트레블,FC003234,1,기타(비공연장),서울,강남구, 
애프터눈레코드,FC002581,1,기타(비공연장),서울,마포구, 
앤드트리 갤러리,FC003542,1,기타(비공연장),서울,강남구, 
앤트러사이트 [서교],FC003472,1,기타(비공연장),서울,마포구, 
앤트러사이트 [연희],FC002383,1,기타(비공연장),서울,서대문구, 
앤트러사이트 [한남],FC003394,1,기타(비공연장),서울,용산구, 
앤트러사이트 [합정],FC003393,1,기타(비공연장),서울,마포구, 
야기스튜디오,FC002928,1,민간(대학로 외),서울,강남구, 
야마하아티스트서비스서울,FC001604,1,민간(대학로 외),서울,서초구,2013
얀씨클럽(Yancey Club),FC003690,1,민간(대학로 외),서울,마포구, 
양천문화회관,FC000091,3,공공(문예회관),서울,양천구,1998
얘기아트씨어터,FC001634,1,민간(대학로 외),서울,마포구,2011
어반소스,FC001979,1,민간(대학로 외),서울,성동구, 
어썸파티룸1호점,FC003807,1,기타(비공연장),서울,광진구, 
언더더스타즈,FC002590,1,기타(비공연장),서울,서초구, 
언더스탠드에비뉴(신한두드림스페이스),FC001853,1,민간(대학로 외),서울,성동구,2017
언제라도 여행,FC003319,1,기타(비공연장),서울,마포구, 
언플러그드 [신촌],FC002880,1,민간(대학로 외),서울,서대문구, 
언플러그드 서교,FC004003,1,민간(대학로 외),서울,마포구, 
얼라이브홀(구. 크랙홀),FC001724,1,민간(대학로 외),서울,마포구,2013
업스테이지(UP Stage),FC002072,1,민간(대학로),서울,종로구, 
엉클영버스튜디오,FC003884,1,민간(대학로 외),서울,양천구, 
에반스라운지(폐관),FC002131,1,민간(대학로 외),서울,마포구, 
에버라인 뮤직&카페,FC003624,1,민간(대학로 외),서울,서대문구, 
에스파스클래식,FC003363,1,민간(대학로 외),서울,서대문구, 
에스팩토리,FC001906,4,민간(대학로 외),서울,성동구,2016
에이라운지,FC002586,1,기타(비공연장),서울,강남구, 
에이아트스튜디오(A art studio),FC002365,1,기타(비공연장),서울,강남구, 
에이치씨어터,FC001804,1,민간(대학로),서울,종로구,2012
에일리하우스,FC003418,1,기타(비공연장),서울,강남구, 
에피소드 서초 393,FC002871,1,기타(비공연장),서울,서초구, 
에피소드 성수 101,FC002431,1,기타(비공연장),서울,성동구, 
에피소드 신촌 369,FC002956,1,기타(비공연장),서울,마포구, 
엑스스페이스,FC002520,1,민간(대학로 외),서울,강남구,2016
엔써뮤직,FC003042,1,민간(대학로 외),서울,마포구,2020
엔터 스튜디오,FC003317,1,민간(대학로 외),서울,마포구, 
엔터식스 메두사 아트홀,FC001272,3,민간(대학로 외),서울,성동구,2014
엔틱243 스튜디오,FC003530,1,민간(대학로 외),서울,서초구, 
엔플러그,FC002269,1,민간(대학로 외),서울,강남구, 
엘라의 거실,FC002437,1,민간(대학로 외),서울,마포구, 
엘리에나 호텔,FC003210,1,기타(비공연장),서울,강남구, 
엘리펀트스페이스,FC001880,1,민간(대학로 외),서울,마포구,2018
엠스테이지(구.인사아트홀),FC001535,1,민간(대학로 외),서울,종로구,2017
엠팟홀 (구. 삼익아트홀),FC000842,2,민간(대학로 외),서울,강남구,1995
엠피엠지,FC002622,1,기타(비공연장),서울,마포구,1993
여우별씨어터(구. 내여페 The Stage) (폐관),FC001086,1,민간(대학로),서울,종로구,2012
여의도 이랜드크루즈 제1터미널,FC001417,1,민간(대학로 외),서울,영등포구,1986
여의도 한강공원,FC002612,1,기타(비공연장),서울,영등포구, 
여의도 한강공원 멀티플라자 그랑샤피토,FC001551,1,공공(기타),서울,영등포구, 
여해문화공간 (폐관),FC000330,1,민간(대학로 외),서울,중구,1997
여행자극장,FC001529,1,민간(대학로),서울,성북구,2016
역삼1동문화센터,FC001754,1,공공(기타),서울,강남구,2013
연극실험실 일상지하,FC001367,1,민간(대학로 외),서울,성북구,2010
연극실험실 혜화동1번지,FC001141,1,민간(대학로),서울,종로구,1993
연극패 청년,FC003603,1,민간(대학로 외),서울,영등포구, 
연극플레이스 혜화,FC003098,1,민간(대학로),서울,종로구, 
연남5701,FC002762,1,민간(대학로 외),서울,마포구,2021
연남스페이스,FC003185,1,민간(대학로 외),서울,마포구, 
연남장,FC002037,1,민간(대학로 외),서울,서대문구, 
연동교회,FC003392,1,기타(비공연장),서울,종로구, 
연세대학교 노천극장,FC000807,1,민간(대학로 외),서울,서대문구,1933
연세대학교 대강당,FC001792,1,민간(대학로 외),서울,서대문구,1958
연세대학교 루스채플,FC001794,1,민간(대학로 외),서울,서대문구,1974
연세대학교 무악극장,FC003203,1,민간(대학로 외),서울,서대문구, 
연세대학교 백주년기념관,FC001793,1,민간(대학로 외),서울,서대문구,1988
연세대학교 음악대학 체임버홀,FC003160,1,민간(대학로 외),서울,서대문구, 
연우소극장,FC000526,1,민간(대학로),서울,종로구,1987
연희예술극장,FC001852,1,민간(대학로 외),서울,서대문구,2018
연희정원,FC002579,1,민간(대학로 외),서울,서대문구, 
열린극장,FC000516,1,민간(대학로),서울,종로구,1999
영동대교,FC003688,1,기타(비공연장),서울,성동구,1973
영등포 타임스퀘어,FC001403,1,민간(대학로 외),서울,영등포구,2014
영등포문화원,FC001493,1,공공(기타),서울,영등포구,1999
영등포아트홀,FC000059,1,공공(문예회관),서울,영등포구,2009
영락교회,FC001878,1,민간(대학로 외),서울,중구,1945
영산아트홀,FC000384,1,민간(대학로 외),서울,영등포구,1999
영산양재홀,FC000115,1,민간(대학로 외),서울,서초구,2005
예그린씨어터,FC001212,1,민간(대학로),서울,종로구,2014
예림당아트홀,FC000168,1,민간(대학로 외),서울,강남구,2011
예술가의 집,FC002634,1,국립,서울,종로구,2010
예술공간 라푸푸,FC002523,1,민간(대학로),서울,종로구,2012
예술공간 몬스덕,FC001680,1,민간(대학로 외),서울,영등포구,2015
예술공간 서울,FC001143,1,민간(대학로),서울,종로구,2012
예술공간 오르다(구. 우석레파토리극장),FC001144,1,민간(대학로),서울,종로구,2002
예술공간 유비누리 앱질 전용관,FC001093,1,민간(대학로),서울,종로구,2014
예술공간 혜화,FC001094,1,민간(대학로),서울,종로구,2012
예술공간도화,FC002787,1,민간(대학로 외),서울,마포구, 
예술극장 나무와물 (폐관),FC000773,1,민간(대학로),서울,종로구,2003
예술나무씨어터(구. 상상나눔씨어터),FC000212,1,민간(대학로 외),서울,구로구,2013
예술의전당 [서울],FC000001,11,국립,서울,서초구,1988
예스24 라이브홀 (구. 악스코리아),FC000205,1,민간(대학로 외),서울,광진구,2006
예스24 스테이지(구. DCF대명문화공장),FC001236,3,민간(대학로),서울,종로구,2014
예스24 원더로크홀,FC003954,1,민간(대학로),서울,서대문구, 
예스24아트원(구.대학로아트원씨어터),FC000833,3,민간(대학로),서울,종로구,2009
예한교회,FC003307,1,기타(비공연장),서울,송파구, 
오드 포트(ODE PORT),FC002199,1,민간(대학로 외),서울,강남구,2018
오디너리 랩 스튜디오,FC003952,1,민간(대학로 외),서울,서초구, 
오디오가이스튜디오,FC001785,1,민간(대학로 외),서울,종로구,2000
오류아트홀,FC001848,1,공공(기타),서울,구로구,2018
오마이갓 전용관,FC003396,1,민간(대학로),서울,종로구,2023
오시선/지하극장,FC002224,1,민간(대학로 외),서울,강남구,2017
오씨어터,FC001278,1,민간(대학로 외),서울,종로구,2003
"오아스페이스(구, 스페이스 홍)",FC002793,1,기타(비공연장),서울,마포구,2020
오아시스아트홀,FC002764,1,민간(대학로 외),서울,강서구,2020
오온,FC003123,1,기타(비공연장),서울,송파구, 
오트밀 쿠킹스튜디오,FC002439,1,기타(비공연장),서울,서초구, 
오페라하우스 [신도림],FC002753,2,공공(기타),서울,구로구,2008
오프더레코드(OFF THE RECORD),FC003895,1,민간(대학로 외),서울,용산구, 
옥타바리움 라이브홀,FC003892,1,민간(대학로 외),서울,마포구, 
온라인,FC003320,1,기타(비공연장),서울,종로구, 
온맘씨어터,FC003915,1,민간(대학로 외),서울,마포구, 
온스테이지,FC003771,1,민간(대학로 외),서울,서초구,2021
올래홀,FC000736,1,민간(대학로),서울,종로구,2005
올림아트센터(구.스튜디오76),FC001132,1,민간(대학로),서울,종로구,2013
올림푸스홀 (폐관),FC000133,1,민간(대학로 외),서울,강남구,2010
올림픽공원,FC001247,12,공공(기타),서울,송파구,1986
올웨이즈 씨어터(구.아티스탄홀),FC000372,1,민간(대학로),서울,종로구,2003
옵신 스페이스(구. 서촌공간 서로),FC001380,1,민간(대학로 외),서울,종로구,2016
와우산레코드,FC003849,1,민간(대학로 외),서울,서대문구, 
와우산로 29길 20 1.5층,FC003576,1,기타(비공연장),서울,마포구, 
와팝홀(구 돔아트홀) (폐관),FC000201,1,민간(대학로 외),서울,광진구,2003
요기가 널판,FC003273,1,민간(대학로 외),서울,마포구, 
용산 꿈나무 종합타운,FC003943,1,공공(기타),서울,용산구, 
용산아트홀,FC000793,2,공공(문예회관),서울,용산구,2010
용산전자랜드,FC002998,1,민간(대학로 외),서울,용산구, 
용산전쟁기념관,FC001955,4,공공(기타),서울,용산구,1994
우나앤쿠,FC002160,1,기타(비공연장),서울,동작구,2015
우란2경,FC002016,2,민간(대학로 외),서울,성동구,2014
우리네 극장,FC001149,1,민간(대학로),서울,종로구,2012
우리소극장 [대학로],FC002820,1,민간(대학로),서울,종로구, 
우리열린극장,FC002529,1,민간(대학로 외),서울,종로구,2007
우리옛돌박물관(뮤지엄웨이브),FC002836,2,기타(비공연장),서울,성북구, 
우미관극장(서울코미디클럽),FC002910,2,민간(대학로 외),서울,종로구, 
우정아트센터,FC002134,1,기타(비공연장),서울,중구, 
울림과 퍼짐,FC002825,1,민간(대학로 외),서울,종로구, 
울씨어터(구. 미아트홀) (폐관),FC002884,1,민간(대학로),서울,종로구, 
워커힐 호텔,FC003582,1,기타(비공연장),서울,광진구, 
원더랜드뮤직,FC003786,1,민간(대학로 외),서울,서대문구, 
원더러스트에이앤씨 (Wonderlust A&C),FC002722,1,민간(대학로),서울,종로구, 
원패스아트홀 [폐관],FC001819,1,민간(대학로),서울,종로구,2018
원픽뮤직,FC003833,1,민간(대학로 외),서울,마포구, 
원효로 예수성심성당,FC003566,1,기타(비공연장),서울,용산구, 
월드케이팝센터,FC003008,1,민간(대학로 외),서울,중구, 
월서울 (wall.seoul),FC002221,1,기타(비공연장),서울,성동구,2018
웨스트브릿지 라이브홀,FC001608,1,민간(대학로 외),서울,마포구,2015
위워크 광화문,FC001866,1,민간(대학로 외),서울,종로구,2018
위코 스튜디오,FC002934,1,기타(비공연장),서울,영등포구, 
위크앨리,FC003847,1,기타(비공연장),서울,종로구, 
윈드밀,FC003782,1,기타(비공연장),서울,용산구, 
윈씨어터(구. 대학로갈갈이홀),FC000741,1,민간(대학로),서울,종로구,2004
유금와당박물관,FC004019,1,기타(비공연장),서울,종로구,2013
유나이티드 컬쳐센터 & 갤러리,FC002129,1,기타(비공연장),서울,강남구, 
유니버설아트센터,FC000010,1,민간(대학로 외),서울,광진구,1981
유니언타운,FC002233,1,기타(비공연장),서울,영등포구,2017
유니플렉스,FC001233,3,민간(대학로),서울,종로구,2013
유시어터 (폐관),FC000040,1,민간(대학로 외),서울,강남구,1999
유영공간,FC002924,1,기타(비공연장),서울,성북구, 
윤당아트홀,FC000055,2,민간(대학로 외),서울,강남구,2009
윤보선 고택,FC001639,1,기타(비공연장),서울,종로구, 
윤형빈소극장 [홍대],FC001624,1,민간(대학로 외),서울,마포구,2015
은평문화예술회관,FC000064,2,공공(문예회관),서울,은평구,1996
을지공간,FC001847,1,민간(대학로 외),서울,중구,2018
을지로브이,FC003851,1,기타(비공연장),서울,중구, 
음악공간 중력장,FC002990,1,민간(대학로 외),서울,동작구, 
음악서점 라이너노트,FC002024,1,기타(비공연장),서울,마포구,2015
음악플러스 아트홀,FC003040,1,민간(대학로 외),서울,서초구, 
의외의 조합,FC002407,1,기타(비공연장),서울,중구, 
이너프 라운지,FC002047,1,기타(비공연장),서울,마포구,2016
이니스프리 디아일,FC004002,1,기타(비공연장),서울,성동구, 
이동형공연(수유동일대),FC003768,1,기타(비공연장),서울,강북구, 
이들스,FC003913,1,민간(대학로 외),서울,종로구,2023
이상한나라의헌책방,FC003107,1,기타(비공연장),서울,은평구, 
이수스타홀,FC003337,1,민간(대학로),서울,종로구, 
이수아트홀 [대학로] (폐관),FC001707,1,민간(대학로),서울,종로구,2013
이어령 예술극장 (구. 석관동 예술극장),FC003177,1,민간(대학로 외),서울,성북구, 
이웃집마녀,FC002443,1,기타(비공연장),서울,마포구, 
이원아트홀,FC001475,1,민간(대학로 외),서울,마포구,2000
이태원 해밀톤 호텔,FC003037,2,민간(대학로 외),서울,용산구, 
이행성극장,FC003696,1,민간(대학로 외),서울,마포구, 
이화여고 100주년 기념관,FC001265,1,민간(대학로 외),서울,중구,2004
이화여자대학교 김영의홀,FC000099,1,민간(대학로 외),서울,서대문구,1981
이화여자대학교 대강당,FC002355,1,민간(대학로 외),서울,서대문구,1956
이화여자대학교 리사이틀홀,FC003503,1,민간(대학로 외),서울,서대문구, 
이화여자대학교 삼성홀,FC001799,1,민간(대학로 외),서울,서대문구,2010
익스트림씨어터 3관,FC001805,1,민간(대학로),서울,종로구,2012
인디스페이스,FC002654,1,기타(비공연장),서울,종로구, 
인디아트홀 공,FC001368,1,민간(대학로 외),서울,영등포구,2013
인디톡,FC002237,1,민간(대학로 외),서울,서대문구, 
일공스페이스(10 Space),FC003876,1,민간(대학로 외),서울,종로구, 
일루와유,FC002623,3,기타(비공연장),서울,은평구,2019
일상비일상의틈,FC002799,1,기타(비공연장),서울,강남구, 
일신홀,FC001629,1,민간(대학로 외),서울,용산구,2009
일지아트홀,FC000226,1,민간(대학로 외),서울,강남구,2011
임피리얼 팰리스 [서울],FC002262,1,기타(비공연장),서울,강남구, 
자양스테이션(파리뮤직포럼),FC002382,1,기타(비공연장),서울,광진구,2019
작은극장 광야(구. 대학로예술극장 3관) (폐관),FC001807,1,민간(대학로),서울,종로구,2017
작은극장 어린,FC002064,1,민간(대학로 외),서울,은평구,2009
잠실종합운동장,FC001837,8,공공(기타),서울,송파구,1984
잠실학생체육관,FC002049,1,공공(기타),서울,송파구,1977
장로회신학대학교 세계교회협력센터,FC002993,1,민간(대학로 외),서울,광진구, 
장충체육관,FC001823,1,공공(기타),서울,중구,1963
재단법인 기지,FC002935,1,기타(비공연장),서울,서대문구,2019
재머스(JAMMERS),FC003332,1,민간(대학로 외),서울,마포구,1996
재미공작소,FC002058,1,민간(대학로 외),서울,영등포구,2011
재즈다,FC002414,1,민간(대학로 외),서울,마포구, 
재즈런치,FC003586,1,민간(대학로 외),서울,송파구, 
재즈소사이어티 서울(서울브루어리 성수 5층),FC003741,1,민간(대학로 외),서울,성동구, 
재즈클럽 그루브,FC002228,1,민간(대학로 외),서울,서초구,2006
전태일기념관,FC002752,1,공공(기타),서울,종로구,2019
전통공연창작마루 광무대,FC003209,1,민간(대학로 외),서울,종로구,2020
"정극장 (구. M시어터, 구.하모니아트홀)",FC001172,1,민간(대학로),서울,종로구,2012
정동1928아트센터,FC002205,1,민간(대학로 외),서울,중구,2019
정동제일교회,FC003638,1,민간(대학로 외),서울,중구, 
정보소극장,FC000577,1,민간(대학로),서울,종로구,1993
정태호소극장 comedy maker,FC001544,1,민간(대학로 외),서울,마포구,2016
정화예술대학교 대학로캠퍼스 정화1관,FC003693,1,민간(대학로),서울,종로구, 
정효아트센터,FC002093,1,민간(대학로 외),서울,서초구,2015
제1 서울창의예술교육센터,FC001369,1,공공(기타),서울,은평구,2014
제나아트홀 (구. 룸씨어터),FC003171,1,민간(대학로),서울,종로구, 
제로베이스커피,FC002351,1,기타(비공연장),서울,마포구, 
제이엘 씨어터,FC003158,1,민간(대학로 외),서울,마포구, 
제일라아트홀,FC002536,1,민간(대학로 외),서울,마포구,2014
졸탄극장,FC002624,1,민간(대학로),서울,종로구, 
종로구민회관,FC000422,1,공공(문예회관),서울,종로구,2000
종로노인종합복지관 종로마루홀,FC003634,1,공공(기타),서울,종로구, 
종로아이들극장,FC001435,1,공공(기타),서울,종로구,2016
종로여가,FC003050,1,기타(비공연장),서울,종로구, 
종로예술극장,FC001912,1,민간(대학로 외),서울,종로구,2011
종로인사동일대,FC003524,1,기타(비공연장),서울,종로구, 
주말극장,FC003053,1,민간(대학로 외),서울,영등포구, 
중랑구민회관,FC000251,2,공공(문예회관),서울,중랑구,1994
중앙대학교 공연예술원,FC000234,1,민간(대학로),서울,종로구,2002
중앙대학교 아트센터,FC001469,2,민간(대학로 외),서울,동작구,1999
중앙성결교회,FC003412,1,기타(비공연장),서울,종로구, 
지블레싱소극장,FC002976,1,민간(대학로 외),서울,마포구, 
지식방앗간 B밀,FC002827,1,민간(대학로 외),서울,중구, 
지인시어터(구. 알과핵소극장),FC000416,1,민간(대학로),서울,종로구,1998
지즐소극장,FC001156,1,민간(대학로),서울,종로구,2007
진건아트홀,FC001566,1,민간(대학로),서울,종로구,2014
창덕궁,FC002872,1,공공(기타),서울,종로구, 
창동극장,FC001329,1,민간(대학로 외),서울,도봉구,2014
창동문화체육센터,FC000228,1,공공(기타),서울,도봉구,2005
창작플랫폼 경험과 상상,FC001631,1,민간(대학로 외),서울,영등포구,2017
창조소극장 (구. 민아트홀),FC001636,1,민간(대학로),서울,종로구,2018
창천교회 백주년기념관,FC001104,1,민간(대학로 외),서울,서대문구,1966
채널 1969,FC002038,1,민간(대학로 외),서울,마포구, 
책방 곱셈,FC003182,1,기타(비공연장),서울,마포구, 
청년극장 (구. 대학로 아트홀 1관 구. 서울문화예술대학교 대학로 극장),FC001121,1,민간(대학로),서울,종로구,2010
청년예술청 SAPY,FC003490,3,민간(대학로 외),서울,서대문구, 
청담 예인아트홀,FC003191,1,민간(대학로 외),서울,강남구, 
청담 프리데카,FC003103,1,기타(비공연장),서울,강남구, 
청담나인,FC003669,1,민간(대학로 외),서울,강남구, 
청와대,FC003557,14,공공(기타),서울,종로구,1948
청운예술극장(구. 글로브극장),FC000195,1,민간(대학로),서울,종로구,2004
청춘예찬,FC003654,1,민간(대학로 외),서울,마포구, 
체리 스튜디오,FC003746,1,민간(대학로 외),서울,용산구, 
초록씨어터,FC002854,1,민간(대학로),서울,종로구, 
총신대학교 신관,FC001474,1,민간(대학로 외),서울,동작구,2013
최순우 옛집,FC001834,1,기타(비공연장),서울,성북구,2004
최일화 스튜디오,FC001214,1,민간(대학로),서울,종로구,2011
추계예술대학교,FC001797,1,민간(대학로 외),서울,서대문구,1997
추계예술대학교 창조관,FC001481,1,민간(대학로 외),서울,서대문구,1998
충동소극장,FC002630,1,민간(대학로 외),서울,광진구, 
충무아트센터,FC000014,5,공공(문예회관),서울,중구,2005
충정로난타전용관 (폐관),FC001158,1,민간(대학로 외),서울,서대문구,2013
취향관 (폐관),FC002316,1,민간(대학로 외),서울,마포구,2018
카비네,FC002441,1,기타(비공연장),서울,종로구, 
카페 N237,FC003788,1,기타(비공연장),서울,강남구, 
카페 디어아크,FC003992,1,기타(비공연장),서울,용산구, 
카페 야카모즈,FC003461,1,민간(대학로 외),서울,마포구, 
카페 어느새 봄,FC002789,1,기타(비공연장),서울,서초구, 
카페 언플러그드,FC002183,1,기타(비공연장),서울,마포구, 
카페 윙클,FC002440,1,기타(비공연장),서울,종로구, 
카페 콘체르토,FC002749,1,기타(비공연장),서울,강남구,2018
카페 포레스트,FC003051,1,민간(대학로 외),서울,양천구, 
카페 할아버지공장,FC002395,1,기타(비공연장),서울,성동구, 
카페극장 칸,FC001311,1,민간(대학로 외),서울,종로구,2014
카페린덴,FC002911,1,기타(비공연장),서울,마포구, 
카페부부,FC002406,1,기타(비공연장),서울,마포구,2014
카페쇼파르,FC002358,1,기타(비공연장),서울,마포구, 
칸타빌레 클래식 아트홀,FC003938,1,민간(대학로 외),서울,서초구, 
캔디성수,FC003711,1,민간(대학로 외),서울,성동구, 
캔버스N홀,FC003759,1,민간(대학로 외),서울,강남구, 
캣츠커피 [용산],FC002707,1,기타(비공연장),서울,용산구, 
컨벤트펍 (The convent Live Pub),FC001907,1,기타(비공연장),서울,마포구, 
컬러드,FC003936,1,기타(비공연장),서울,강남구, 
컬쳐씨어터(구. 휴먼시어터),FC001207,1,민간(대학로),서울,종로구,2016
컬쳐파크209,FC002889,1,민간(대학로 외),서울,강남구,2019
컴포징맨션,FC003842,1,기타(비공연장),서울,은평구, 
케이아트 디딤홀,FC000354,1,민간(대학로 외),서울,마포구,2017
코델아트홀,FC001414,1,민간(대학로),서울,종로구,2016
코리아나호텔,FC002895,1,기타(비공연장),서울,중구,1972
코리아블루스씨어터,FC002101,1,민간(대학로 외),서울,용산구, 
코미디헤이븐,FC001905,1,민간(대학로 외),서울,강남구,2018
코사이어티,FC002700,1,민간(대학로 외),서울,성동구, 
코스모스아트홀,FC002878,1,민간(대학로 외),서울,서초구,2006
코엑스,FC000170,8,민간(대학로 외),서울,강남구,2009
코쿤홀,FC001882,1,민간(대학로 외),서울,중구,2016
콘텐츠박스(구. 르메이에르 씨어터),FC000841,1,민간(대학로),서울,종로구,2006
콜드슬립(koldsleep),FC002874,1,민간(대학로 외),서울,강북구, 
콜링아트센터,FC002794,1,기타(비공연장),서울,관악구, 
쿰아트홀,FC003740,1,민간(대학로 외),서울,서초구, 
퀀텀앤플레이,FC002025,1,민간(대학로 외),서울,마포구, 
퀸라이브홀,FC000753,1,기타(비공연장),서울,서대문구,1999
큐씨어터(구. 수상한흥신소전용관),FC001539,1,민간(대학로),서울,종로구,2016
크레스트72,FC003685,1,기타(비공연장),서울,중구, 
크루즈378 (폐관),FC002415,1,기타(비공연장),서울,강남구, 
크리에이터스 홀,FC003296,1,민간(대학로 외),서울,동대문구,2019
크크(keukeu) (폐관),FC000369,1,민간(대학로 외),서울,강남구,2012
클래식 라운지 리한(구.리한아트홀),FC003750,1,민간(대학로 외),서울,서초구, 
클래식고택 [북촌],FC003897,1,기타(비공연장),서울,종로구, 
클래식고택 [서촌],FC003753,1,기타(비공연장),서울,종로구, 
클럽 A.O.R(All Of Rock),FC002303,1,민간(대학로 외),서울,마포구, 
클럽 FF,FC002175,1,민간(대학로 외),서울,마포구,2005
클럽 MODECi(모데시),FC002293,1,민간(대학로 외),서울,마포구, 
클럽 MUTE(뮤트),FC003333,1,민간(대학로 외),서울,용산구, 
클럽 고고스2 (폐관),FC002614,1,민간(대학로 외),서울,마포구, 
클럽 레몬,FC003891,1,민간(대학로 외),서울,마포구, 
클럽 마스 CLUB MARS,FC003444,1,민간(대학로 외),서울,마포구, 
클럽 매드홀릭(MADHOLIC),FC002592,1,기타(비공연장),서울,마포구, 
클럽 메이드 [이태원],FC003885,1,민간(대학로 외),서울,용산구, 
클럽 벨류(Value),FC003013,1,기타(비공연장),서울,마포구, 
클럽 블랙 [홍대],FC003796,1,민간(대학로 외),서울,마포구, 
클럽 샤프,FC002721,1,민간(대학로 외),서울,마포구,2016
클럽 스틸페이스,FC002048,1,민간(대학로 외),서울,마포구,2010
클럽 어스 (CLUB US),FC003875,1,민간(대학로 외),서울,강남구, 
클럽 옥타곤 (폐관),FC002425,1,민간(대학로 외),서울,강남구,2011
클럽 일마레,FC003844,1,민간(대학로 외),서울,마포구, 
클럽 잭리빈 (JACK&LIVIN),FC003972,2,민간(대학로 외),서울,강남구, 
클럽 코쿤 (COCOON CLUB) (폐관),FC001896,1,민간(대학로 외),서울,마포구, 
클럽 템플,FC002767,1,민간(대학로 외),서울,마포구, 
클럽 페이더,FC002187,1,기타(비공연장),서울,용산구, 
클럽 프리버드,FC003352,1,기타(비공연장),서울,마포구, 
클럽K 서울,FC001659,1,민간(대학로 외),서울,강남구,2016
클럽블랙홀(Blackhall) [홍대],FC002712,1,기타(비공연장),서울,마포구, 
클럽온에어,FC002896,1,기타(비공연장),서울,마포구, 
킬더유튜브,FC003698,1,민간(대학로 외),서울,서대문구, 
타이니앨리스,FC002783,1,민간(대학로),서울,종로구, 
탈영역우정국,FC002215,1,기타(비공연장),서울,마포구,2015
탑아트홀,FC001457,1,민간(대학로),서울,종로구,2003
텐더리커피앤디저트,FC003187,1,기타(비공연장),서울,마포구, 
토마토홀,FC003896,1,민간(대학로 외),서울,마포구, 
톤스튜디오 서울,FC001975,1,민간(대학로 외),서울,마포구,2002
통의동클래식,FC002283,1,민간(대학로 외),서울,종로구,2019
통합예술교육연구소 포이에시스,FC002739,1,기타(비공연장),서울,광진구, 
트레이프조이드,FC003240,1,민간(대학로 외),서울,마포구, 
티오엠씨어터(구. 문화공간필링),FC000382,3,민간(대학로),서울,종로구,2014
틴틴홀,FC000806,1,민간(대학로),서울,종로구,2003
틸라 그라운드,FC003760,1,민간(대학로 외),서울,마포구, 
파랑새극장(구. 샘터파랑새극장),FC000221,2,민간(대학로),서울,종로구,1984
"파랑씨어터 (구. 도향아트홀, 구. 뮤디스홀)",FC000749,1,민간(대학로),서울,종로구,2017
파인트리 시어터,FC001874,1,민간(대학로 외),서울,강남구, 
판시어터,FC002453,1,민간(대학로 외),서울,종로구, 
패스커뮤니티교회,FC001894,1,기타(비공연장),서울,노원구,2015
퍼즐인형극장 다락극장,FC001277,1,민간(대학로 외),서울,마포구,2014
펀타스틱씨어터,FC003029,1,민간(대학로 외),서울,용산구, 
페르니(더트리니티빌딩 9층),FC003819,1,기타(비공연장),서울,강남구, 
페리지홀,FC001411,1,민간(대학로 외),서울,서초구,2013
페이지명동,FC002806,1,민간(대학로 외),서울,중구, 
페인터즈 히어로 종로전용관(서울극장),FC001268,1,민간(대학로 외),서울,종로구,2010
포니정홀,FC003547,1,민간(대학로 외),서울,강남구,2008
포스트극장,FC000069,1,민간(대학로 외),서울,마포구,1992
포크라노스,FC003886,1,기타(비공연장),서울,마포구, 
폼텍웍스홀,FC002032,1,민간(대학로 외),서울,마포구,2014
푸르지오아트홀,FC002246,1,민간(대학로 외),서울,중구,2019
퓨플스튜디오,FC003695,1,민간(대학로 외),서울,금천구, 
프라임아트홀,FC000215,1,민간(대학로 외),서울,구로구,2007
프란치스코 교육회관,FC002575,2,민간(대학로 외),서울,중구,1987
프로젝트박스 시야 (폐관),FC000830,1,민간(대학로 외),서울,용산구,2012
프리마베라 459,FC002897,1,민간(대학로 외),서울,영등포구, 
프리버드 라이브홀,FC002444,1,민간(대학로 외),서울,서대문구, 
프리즘홀(프리즘플러스),FC002127,1,민간(대학로 외),서울,마포구, 
플라멩코델서울,FC003947,1,민간(대학로 외),서울,영등포구, 
플라스틱 파크,FC002113,1,기타(비공연장),서울,마포구, 
플랫폼 창동 61 (폐관),FC001583,1,공공(기타),서울,도봉구,2016
플랫폼-엘 컨템포러리 아트센터,FC001718,1,민간(대학로 외),서울,강남구,2016
플러스씨어터(구. 컬처스페이스 엔유 구. 쁘티첼 씨어터),FC001459,1,민간(대학로),서울,종로구,2010
플레이스 막(PALCE MAK)1,FC001524,1,민간(대학로 외),서울,마포구,2012
플레이스디,FC002044,1,민간(대학로 외),서울,마포구, 
플레이스비브,FC002326,1,기타(비공연장),서울,성동구, 
플레이클라우드(클라우드그라운드),FC002337,1,민간(대학로 외),서울,동작구, 
"플렉스라운지 (구. 스테이라운지, 구. 인디팍)",FC001224,1,민간(대학로 외),서울,마포구,2015
피사체 LAB,FC004006,1,민간(대학로 외),서울,서초구, 
피어59스튜디오(Pier59 Studios),FC002168,1,기타(비공연장),서울,성동구, 
피움스튜디오,FC002745,1,민간(대학로 외),서울,영등포구,2018
피카소소극장,FC000825,1,민간(대학로),서울,종로구,2008
피크닉,FC002310,1,기타(비공연장),서울,중구, 
핀란드홀,FC003810,1,민간(대학로 외),서울,서대문구, 
하나투어 브이홀,FC000213,1,민간(대학로 외),서울,마포구,2008
하다아트홀,FC003193,1,민간(대학로 외),서울,강남구, 
하땅세극장,FC003122,1,민간(대학로),서울,성북구, 
하마씨어터(구. 가든씨어터),FC001232,1,민간(대학로),서울,종로구,1995
하트리사이틀홀,FC001295,1,민간(대학로 외),서울,송파구,2013
한국가곡예술마을 나음아트홀,FC002717,1,민간(대학로 외),서울,강남구, 
한국문화의집 KOUS,FC000065,1,공공(기타),서울,강남구,2003
한국방송통신대학교,FC002394,2,민간(대학로),서울,종로구, 
한국방송회관 코바코홀 (구. 브로드홀),FC001107,1,공공(기타),서울,양천구,1998
한국불교역사문화기념관,FC000237,1,민간(대학로 외),서울,종로구,2005
한국성서대학교,FC003562,1,민간(대학로 외),서울,노원구, 
한국예술종합학교,FC000137,2,공공(기타),서울,성북구,2007
한국예술종합학교 [서초],FC001788,1,공공(기타),서울,서초구,1999
한국외국어대학교 [서울],FC003863,1,민간(대학로 외),서울,동대문구,1954
한국의집,FC000573,2,공공(기타),서울,중구,1981
한국즉흥극장,FC002553,1,민간(대학로 외),서울,용산구,2017
한국콘텐츠진흥원 CKL스테이지,FC001428,1,공공(기타),서울,중구,2015
한남대로 158(극단 성북동 비둘기),FC001549,1,민간(대학로 외),서울,용산구,2016
한바탕 소극장,FC003776,1,민간(대학로 외),서울,송파구, 
한성대학교,FC001900,1,기타(비공연장),서울,성북구,1978
한성아트홀(구. 인켈아트홀),FC000152,2,민간(대학로),서울,종로구,1990
한양대학교 노천극장,FC001582,1,민간(대학로 외),서울,성동구,1980
한양대학교 대운동장,FC001801,1,기타(비공연장),서울,성동구,1980
한양대학교 백남음악관,FC001803,1,민간(대학로 외),서울,성동구,1980
한양대학교 예술극장,FC003985,1,민간(대학로 외),서울,성동구, 
한양대학교 올림픽체육관,FC001802,2,민간(대학로 외),서울,성동구,1980
한양레퍼토리씨어터,FC000188,1,민간(대학로),서울,종로구,2003
한얼소극장,FC001176,1,민간(대학로),서울,종로구,2002
한예극장,FC003249,1,민간(대학로),서울,종로구, 
한우리정보문화센터,FC001630,1,공공(기타),서울,서초구,2009
한전아트센터,FC000113,1,공공(기타),서울,서초구,2001
해돌라운지루프탑,FC002161,1,기타(비공연장),서울,마포구, 
해바라기소극장(구. 훈아트홀),FC001431,1,민간(대학로),서울,종로구,2013
해방촌 토굴,FC003699,1,기타(비공연장),서울,용산구, 
해봄연습실,FC003384,1,민간(대학로 외),서울,관악구, 
해오름 예술극장,FC001250,1,민간(대학로),서울,종로구,2014
해피씨어터,FC001303,1,민간(대학로),서울,종로구,2008
행화탕 (폐관),FC001698,1,기타(비공연장),서울,마포구,2016
허수아비소극장,FC001862,1,민간(대학로),서울,종로구,2018
허클베리핀 작업실,FC003752,1,기타(비공연장),서울,서대문구, 
헤르만아트홀,FC003168,1,민간(대학로 외),서울,성동구,2022
헤이그라운드 성수시작점,FC002899,1,민간(대학로 외),서울,성동구, 
헬덴뮤직,FC003179,1,민간(대학로 외),서울,서초구, 
현대백화점 문화홀 [목동],FC002436,1,민간(대학로 외),서울,양천구, 
현대백화점 문화홀 [무역센터],FC002387,1,민간(대학로 외),서울,강남구, 
현대백화점 문화홀 [미아],FC001658,1,민간(대학로 외),서울,성북구,2001
현대백화점 문화홀 [신촌],FC001482,1,민간(대학로 외),서울,서대문구,2013
현대백화점 문화홀 [압구정],FC001591,1,민간(대학로 외),서울,강남구,1985
현대백화점 문화홀 [천호],FC002584,1,민간(대학로 외),서울,강동구, 
현대카드 언더스테이지,FC001826,2,민간(대학로 외),서울,용산구,2015
혜화동성당,FC003846,1,기타(비공연장),서울,종로구,1927
혜화아트센터,FC003215,1,민간(대학로),서울,종로구, 
호원아트홀,FC000070,1,민간(대학로 외),서울,강동구,2011
호은성,FC002288,1,기타(비공연장),서울,서초구, 
호은아트홀 (구. 키득키득아트홀),FC001442,1,민간(대학로),서울,종로구,2013
호텔수선화,FC002052,1,기타(비공연장),서울,중구,2015
홀로키즈파크 롤리팝아트홀,FC002686,1,민간(대학로 외),서울,서초구,2020
홍대 stay.round.GEE,FC003341,1,민간(대학로 외),서울,마포구, 
홍대 the STUMP(더 스텀프),FC001421,1,민간(대학로 외),서울,마포구,2015
홍대 김대범소극장 (폐관),FC001664,1,민간(대학로 외),서울,마포구,2009
홍대BENDER,FC003931,1,민간(대학로 외),서울,마포구, 
홍대난타극장(구. 뮤직쇼웨딩 전용관),FC000090,1,민간(대학로 외),서울,마포구,2011
홍대우주정거장,FC002849,1,기타(비공연장),서울,마포구,2017
홍대카페,FC003917,2,민간(대학로 외),서울,마포구, 
홍대파티룸벨라뷰,FC003406,1,기타(비공연장),서울,서대문구, 
홍익대 대학로 아트센터,FC001208,2,민간(대학로),서울,종로구,2013
홍해성 소극장,FC003468,1,민간(대학로),서울,종로구, 
횃불선교회관,FC002926,1,기타(비공연장),서울,서초구, 
효원소극장,FC003986,1,민간(대학로 외),서울,강남구, 
효천아트센터 그라운드씬,FC001600,1,민간(대학로),서울,종로구,2010
후암스테이지,FC002777,2,민간(대학로),서울,종로구,2003
후암스튜디오(후암아트홀),FC002781,1,민간(대학로),서울,종로구, 
후암씨어터(콘텐츠룸),FC002782,1,민간(대학로),서울,종로구, 
후케즈,FC003016,1,민간(대학로 외),서울,영등포구, 
흰물결아트센터,FC000810,3,민간(대학로 외),서울,서초구,2007
히브루스,FC002137,1,기타(비공연장),서울,마포구, 
히브루스홀,FC003252,1,민간(대학로 외),서울,마포구, 
