mt20id,prfnm,prfpdfrom,prfpdto,fcltynm,poster,genrenm,openrun,prfstate
PF244976,윤혜원 초청 피아노 독주회,2024.07.17,2024.07.17,세라믹팔레스홀,http://www.kopis.or.kr/upload/pfmPoster/PF_PF244976_240715_151311.gif,서양음악(클래식),N,공연예정
PF244776,"아르코꿈밭극장 개관 X 아시테지 국제여름축제 개막, 와그르르르 수궁가",2024.07.17,2024.07.17,아르코 꿈밭극장 (구.학전),http://www.kopis.or.kr/upload/pfmPoster/PF_PF244776_240711_130737.jpg,연극,N,공연예정
PF244756,강권순의 가곡: 천뢰,2024.07.17,2024.07.17,송해아트홀,http://www.kopis.or.kr/upload/pfmPoster/PF_PF244756_240711_111355.gif,한국음악(국악),N,공연예정
PF244607,"시간, 공간 그리고 인간",2024.07.17,2024.07.21,북촌창우극장,http://www.kopis.or.kr/upload/pfmPoster/PF_PF244607_240709_120223.jpg,연극,N,공연예정
PF244497,육각의 인간,2024.07.11,2024.07.21,씨어터 쿰,http://www.kopis.or.kr/upload/pfmPoster/PF_PF244497_240708_131605.png,연극,N,공연중
PF244405,스텝: 춤추는 발자국,2024.04.22,2024.12.31,명보아트홀,http://www.kopis.or.kr/upload/pfmPoster/PF_PF244405_240705_105539.png,뮤지컬,Y,공연중
PF244301,"제6회 불휘기픈소리, 정예주의 가야금: 초심으로부터",2024.07.17,2024.07.17,선릉아트홀(구. 아트홀 가얏고을),http://www.kopis.or.kr/upload/pfmPoster/PF_PF244301_240704_095600.jpg,한국음악(국악),N,공연예정
PF244291,"젊은 체홉의 대실패작, 숲귀신",2024.07.11,2024.07.28,안똔체홉극장,http://www.kopis.or.kr/upload/pfmPoster/PF_PF244291_240703_141020.gif,연극,N,공연중
PF244127,이쇼 with 연남장 캬바레,2024.07.15,2024.08.26,연남장,http://www.kopis.or.kr/upload/pfmPoster/PF_PF244127_240702_093945.gif,뮤지컬,N,공연중
PF244113,남산 국악의 밤,2024.07.05,2024.08.23,남산골한옥마을,http://www.kopis.or.kr/upload/pfmPoster/PF_PF244113_240701_161654.jpg,한국음악(국악),N,공연중
PF244037,"제2회 스타아트 연극제 경연작, 래러미 프로젝트",2024.07.17,2024.07.18,씨어터조이 (구. 마당세실극장),http://www.kopis.or.kr/upload/pfmPoster/PF_PF244037_240701_104728.gif,연극,N,공연예정
PF244025,성해라 플루트 리사이틀,2024.07.17,2024.07.17,예술의전당 [서울],http://www.kopis.or.kr/upload/pfmPoster/PF_PF244025_240701_101613.gif,서양음악(클래식),N,공연예정
PF243998,물고양이,2024.07.11,2024.09.29,맥거핀 서교,http://www.kopis.or.kr/upload/pfmPoster/PF_PF243998_240628_133503.jpg,연극,N,공연중
PF243973,제40회 예원학교 정기연주회,2024.07.17,2024.07.17,서울아트센터,http://www.kopis.or.kr/upload/pfmPoster/PF_PF243973_240628_110911.gif,서양음악(클래식),N,공연예정
PF243966,이지선 피아노 독주회,2024.07.17,2024.07.17,예술의전당 [서울],http://www.kopis.or.kr/upload/pfmPoster/PF_PF243966_240628_104511.gif,서양음악(클래식),N,공연예정
PF243954,이솝이 들려주는 이야기 이솝,2024.07.02,2024.08.31,송파어린이문화회관,http://www.kopis.or.kr/upload/pfmPoster/PF_PF243954_240628_101420.jpeg,연극,N,공연중
PF243862,삼막사장 [대학로],2024.07.12,2024.08.04,대학로 마로니에소극장(플레이더씨어터),http://www.kopis.or.kr/upload/pfmPoster/PF_PF243862_240627_093849.gif,연극,N,공연중
PF243857,"줄라이 페스티벌, 슈만이라는 바다: 백진주, 정지원, 정찬연 외",2024.07.17,2024.07.17,예술가의 집,http://www.kopis.or.kr/upload/pfmPoster/PF_PF243857_240627_091831.png,서양음악(클래식),N,공연예정
PF243836,휴먼코메디 [대학로],2024.07.03,2024.07.21,소극장 플랫폼74,http://www.kopis.or.kr/upload/pfmPoster/PF_PF243836_240626_142327.gif,연극,N,공연중
PF243797,앙상블 로맨티코 콘서트,2024.07.17,2024.07.17,세종문화회관,http://www.kopis.or.kr/upload/pfmPoster/PF_PF243797_240626_113822.gif,서양음악(클래식),N,공연예정
PF243772,"김영희춤연구소, 소고놀음4 허튼",2024.07.17,2024.07.17,남산골한옥마을,http://www.kopis.or.kr/upload/pfmPoster/PF_PF243772_240626_103135.jpg,무용,N,공연예정
PF243743,"피크닉#4, 등등곡",2024.07.17,2024.07.19,티오엠씨어터(구. 문화공간필링),http://www.kopis.or.kr/upload/pfmPoster/PF_PF243743_240625_140419.gif,뮤지컬,N,공연예정
PF243664,화음: 비로소 옷깃 여미어 장단을 마주하네,2024.07.16,2024.07.23,한국문화의집 KOUS,http://www.kopis.or.kr/upload/pfmPoster/PF_PF243664_240624_160119.jpg,한국음악(국악),N,공연중
PF243646,"제24회 전통예술제전, 무아",2024.07.17,2024.07.17,국립국악원,http://www.kopis.or.kr/upload/pfmPoster/PF_PF243646_240705_145700.jpg,한국음악(국악),N,공연예정
PF243534,아이캔플라이,2024.07.05,2024.07.20,온맘씨어터,http://www.kopis.or.kr/upload/pfmPoster/PF_PF243534_240621_141341.gif,뮤지컬,N,공연중
PF243523,한 평을 위한 모노드라마,2024.07.11,2024.07.20,연희예술극장,http://www.kopis.or.kr/upload/pfmPoster/PF_PF243523_240621_132839.png,연극,N,공연중
PF243515,My Dear Anger [대학로],2024.07.11,2024.08.04,연우소극장,http://www.kopis.or.kr/upload/pfmPoster/PF_PF243515_240621_130522.jpg,연극,N,공연중
PF243492,"제11회 대한민국 신진연출가전 브릿지 페스타, 4막: 순수 오아시스",2024.07.17,2024.07.18,삼일로창고극장,http://www.kopis.or.kr/upload/pfmPoster/PF_PF243492_240621_110601.jpg,연극,N,공연예정
PF243443,지브리 영화음악 콘서트 (7월),2024.07.17,2024.07.24,롯데콘서트홀,http://www.kopis.or.kr/upload/pfmPoster/PF_PF243443_240620_142212.gif,서양음악(클래식),N,공연예정
PF243378,"제4회 소극장 공유 페스티벌 연극, 생각을 잇-다: 킬링 맥벌스",2024.07.11,2024.07.21,소극장 공유,http://www.kopis.or.kr/upload/pfmPoster/PF_PF243378_240620_101601.gif,연극,N,공연중
PF243366,"제6회 페미니즘 연극제, 건널목 교차로",2024.07.17,2024.07.21,나온씨어터,http://www.kopis.or.kr/upload/pfmPoster/PF_PF243366_240620_094349.gif,연극,N,공연예정
PF243342,트루스토리 [대학로],2024.07.09,2024.08.11,예그린씨어터,http://www.kopis.or.kr/upload/pfmPoster/PF_PF243342_240619_142000.png,뮤지컬,N,공연중
PF243335,오월의 하루 (앵콜),2024.07.11,2024.07.28,올림아트센터(구.스튜디오76),http://www.kopis.or.kr/upload/pfmPoster/PF_PF243335_240619_134159.gif,연극,N,공연중
PF243328,"행복: 행복, 장면만들기, 마음스케치",2024.07.01,2024.07.31,효원소극장,http://www.kopis.or.kr/upload/pfmPoster/PF_PF243328_240619_132321.gif,연극,N,공연중
PF243281,일무일악 Ⅰ,2024.07.17,2024.07.17,서울돈화문국악당,http://www.kopis.or.kr/upload/pfmPoster/PF_PF243281_240619_095750.jpg,무용,N,공연예정
PF243258,"토들러 클래식 콘서트, 영유아 클래식 콘서트: TRAVEL [목동]",2024.06.19,2024.07.27,엉클영버스튜디오,http://www.kopis.or.kr/upload/pfmPoster/PF_PF243258_240618_135213.png,서양음악(클래식),N,공연중
PF243224,빨간기타 [대학로],2024.07.04,2024.07.21,열린극장,http://www.kopis.or.kr/upload/pfmPoster/PF_PF243224_240618_105425.gif,뮤지컬,N,공연중
PF243177,"제8회 미스터리 스릴러전, 밈",2024.07.17,2024.07.21,소극장 혜화당(구. 까망소극장),http://www.kopis.or.kr/upload/pfmPoster/PF_PF243177_240617_161559.gif,연극,N,공연예정
PF243168,쉘터 [대학로],2024.07.04,2024.07.28,상명아트홀,http://www.kopis.or.kr/upload/pfmPoster/PF_PF243168_240617_150112.gif,연극,N,공연중
PF243081,유진과 유진 [대학로],2024.07.06,2024.09.22,링크아트센터드림,http://www.kopis.or.kr/upload/pfmPoster/PF_PF243081_240617_100852.gif,뮤지컬,N,공연중
PF243062,별이 빛나는 밤에 [서울],2024.07.05,2024.12.31,상명아트홀,http://www.kopis.or.kr/upload/pfmPoster/PF_PF243062_240614_132535.png,연극,N,공연중
PF242914,"창작공감: 연출, 전기 없는 마을",2024.07.11,2024.08.04,홍익대 대학로 아트센터,http://www.kopis.or.kr/upload/pfmPoster/PF_PF242914_240613_104431.jpg,연극,N,공연중
PF242871,"진천이 추천하는 진천 추천연극, 진천사는 추천석",2024.07.04,2024.07.21,여행자극장,http://www.kopis.or.kr/upload/pfmPoster/PF_PF242871_240612_143042.gif,연극,N,공연중
PF242836,투가이즈쇼 #2. GENERATION,2024.07.08,2024.10.07,구름아래소극장,http://www.kopis.or.kr/upload/pfmPoster/PF_PF242836_240612_124051.jpg,뮤지컬,N,공연중
PF242760,임대아파트 [대학로],2024.07.05,2024.09.01,공간아울,http://www.kopis.or.kr/upload/pfmPoster/PF_PF242760_240611_113714.gif,연극,N,공연중
PF242666,페인터즈 [서대문전용관],2024.06.05,2024.08.31,NH아트홀,http://www.kopis.or.kr/upload/pfmPoster/PF_PF242666_240610_144612.gif,뮤지컬,N,공연중
PF242604,킬링 유어 파더,2024.07.04,2024.07.21,민송아트홀 (구. 브로드웨이아트홀),http://www.kopis.or.kr/upload/pfmPoster/PF_PF242604_240610_115843.jpg,연극,N,공연중
PF242516,"국립극단, 햄릿",2024.07.05,2024.07.29,국립극단 [명동],http://www.kopis.or.kr/upload/pfmPoster/PF_PF242516_240607_150714.jpg,연극,N,공연중
PF242500,연남장 캬바레: THE RIDE OF MY LIFE,2024.07.05,2024.07.24,연남장,http://www.kopis.or.kr/upload/pfmPoster/PF_PF242500_240607_142918.gif,뮤지컬,N,공연중
PF242456,아이위시 [서울],2024.07.05,2024.08.31,연남장,http://www.kopis.or.kr/upload/pfmPoster/PF_PF242456_240607_122831.gif,뮤지컬,N,공연중
PF242455,오늘 처음 만드는 뮤지컬 [서울],2024.07.05,2024.08.31,연남장,http://www.kopis.or.kr/upload/pfmPoster/PF_PF242455_240607_121736.gif,뮤지컬,N,공연중
PF242428,"제27회 크리틱스초이스댄스페스티벌, 정희은: 연지 & 권미정: 먹이",2024.07.17,2024.07.18,아르코예술극장,http://www.kopis.or.kr/upload/pfmPoster/PF_PF242428_240607_103051.jpg,무용,N,공연예정
PF242426,기억의 숲,2024.06.08,2024.07.31,지즐소극장,http://www.kopis.or.kr/upload/pfmPoster/PF_PF242426_240607_102454.gif,연극,Y,공연중
PF242420,연남장 캬바레: SONG FOR MEE,2024.07.06,2024.07.27,연남장,http://www.kopis.or.kr/upload/pfmPoster/PF_PF242420_240607_101214.gif,뮤지컬,N,공연중
PF242396,사의찬미 [대학로],2024.07.02,2024.09.22,링크아트센터,http://www.kopis.or.kr/upload/pfmPoster/PF_PF242396_240605_135503.jpg,뮤지컬,N,공연중
PF242395,박열 [대학로],2024.07.16,2024.09.29,링크아트센터드림,http://www.kopis.or.kr/upload/pfmPoster/PF_PF242395_240605_134104.gif,뮤지컬,N,공연중
PF242353,안녕! B612: 어린왕자,2024.07.04,2024.07.21,한국콘텐츠진흥원 CKL스테이지,http://www.kopis.or.kr/upload/pfmPoster/PF_PF242353_240605_105232.gif,뮤지컬,N,공연중
PF242321,"극단 가탄 10주년 기념공연, 가족의 탄생 [대학로]",2024.07.03,2024.07.21,선돌극장,http://www.kopis.or.kr/upload/pfmPoster/PF_PF242321_240605_094647.gif,연극,N,공연중
PF242220,옥천여관,2024.07.02,2024.07.20,동국대학교,http://www.kopis.or.kr/upload/pfmPoster/PF_PF242220_240603_131624.gif,연극,N,공연중
PF242164,ARTISTLIVE FESTIVAL IN SEOUL,2024.07.13,2024.08.17,서울숲 스튜디오301,http://www.kopis.or.kr/upload/pfmPoster/PF_PF242164_240603_100057.jpg,서양음악(클래식),N,공연중
PF242149,"예술의 전당 어린이 가족 페스티벌, 네모의 세상",2024.07.12,2024.07.21,예술의전당 [서울],http://www.kopis.or.kr/upload/pfmPoster/PF_PF242149_240531_135915.gif,뮤지컬,N,공연중
PF242116,"M 연극시리즈 1, 세상친구",2024.07.05,2024.08.11,마포아트센터,http://www.kopis.or.kr/upload/pfmPoster/PF_PF242116_240531_110051.gif,연극,N,공연중
PF242054,"윤성 단독 콘서트, 미소",2024.06.18,2024.08.27,JTN 아트홀(구. 대학로예술마당),http://www.kopis.or.kr/upload/pfmPoster/PF_PF242054_240530_133623.gif,대중음악,N,공연중
PF242052,베르사유의 장미,2024.07.16,2024.10.13,충무아트센터,http://www.kopis.or.kr/upload/pfmPoster/PF_PF242052_240530_132555.gif,뮤지컬,N,공연중
PF241963,"여우락 페스티벌, 윤은화: 페이브 (PAVE)",2024.07.17,2024.07.17,국립극장,http://www.kopis.or.kr/upload/pfmPoster/PF_PF241963_240529_151050.png,한국음악(국악),N,공연예정
PF241898,바스커빌: 셜록홈즈 미스터리 Chapter2,2024.06.22,2024.10.20,예스24아트원(구.대학로아트원씨어터),http://www.kopis.or.kr/upload/pfmPoster/PF_PF241898_240529_094739.jpg,연극,N,공연중
PF241880,카사노바,2024.06.21,2024.09.22,윤당아트홀,http://www.kopis.or.kr/upload/pfmPoster/PF_PF241880_240708_112244.gif,연극,N,공연중
PF241738,바다 100층짜리 집,2024.07.06,2024.08.15,성균관대학교 새천년홀,http://www.kopis.or.kr/upload/pfmPoster/PF_PF241738_240527_100705.gif,뮤지컬,N,공연중
PF241724,제30회 포스메가남성합창단 정기연주회,2024.07.17,2024.07.17,예술의전당 [서울],http://www.kopis.or.kr/upload/pfmPoster/PF_PF241724_240524_140745.gif,서양음악(클래식),N,공연예정
PF241497,젠틀맨스 가이드: 사랑과 살인편,2024.07.06,2024.10.20,광림아트센터,http://www.kopis.or.kr/upload/pfmPoster/PF_PF241497_240522_104224.gif,뮤지컬,N,공연중
PF241439,남사친 여사친,2024.06.01,2024.07.28,세우아트센터,http://www.kopis.or.kr/upload/pfmPoster/PF_PF241439_240531_105054.jpg,연극,Y,공연중
PF241421,살리에르,2024.07.11,2024.09.21,세종문화회관,http://www.kopis.or.kr/upload/pfmPoster/PF_PF241421_240521_094104.gif,뮤지컬,N,공연중
PF241378,쉬어매드니스 [대학로],2024.06.01,2024.07.31,콘텐츠박스(구. 르메이에르 씨어터),http://www.kopis.or.kr/upload/pfmPoster/PF_PF241378_240520_142626.gif,연극,Y,공연중
PF241368,4월은 너의 거짓말,2024.06.28,2024.08.25,예술의전당 [서울],http://www.kopis.or.kr/upload/pfmPoster/PF_PF241368_240520_135016.jpg,뮤지컬,N,공연중
PF241301,하데스타운 [서울],2024.07.12,2024.10.06,샤롯데씨어터,http://www.kopis.or.kr/upload/pfmPoster/PF_PF241301_240517_145643.gif,뮤지컬,N,공연중
PF241277,카르밀라,2024.06.11,2024.09.08,링크아트센터드림,http://www.kopis.or.kr/upload/pfmPoster/PF_PF241277_240517_125516.gif,뮤지컬,N,공연중
PF241185,히사이시 조 영화음악 콘서트 [서울 (앵콜) ],2024.07.07,2024.07.20,롯데콘서트홀,http://www.kopis.or.kr/upload/pfmPoster/PF_PF241185_240516_144214.gif,서양음악(클래식),N,공연중
PF241105,맥베스,2024.07.13,2024.08.18,국립극장,http://www.kopis.or.kr/upload/pfmPoster/PF_PF241105_240516_102755.gif,연극,N,공연중
PF241100,"시크릿쥬쥬 시즌4, 별의보석: 소원을 말해봐! [서울]",2024.07.13,2024.08.04,유니버설아트센터,http://www.kopis.or.kr/upload/pfmPoster/PF_PF241100_240516_100511.gif,뮤지컬,N,공연중
PF241068,슈퍼스타 브레멘 밴드,2024.05.11,2024.07.31,로즈아트홀,http://www.kopis.or.kr/upload/pfmPoster/PF_PF241068_240514_125245.gif,뮤지컬,Y,공연중
PF241050,등등곡,2024.06.11,2024.08.11,티오엠씨어터(구. 문화공간필링),http://www.kopis.or.kr/upload/pfmPoster/PF_PF241050_240514_112043.gif,뮤지컬,N,공연중
PF240973,어쩌면 해피엔딩 [대학로],2024.06.18,2024.09.08,예스24 스테이지(구. DCF대명문화공장),http://www.kopis.or.kr/upload/pfmPoster/PF_PF240973_240513_151357.gif,뮤지컬,N,공연중
PF240801,박예람 플루트 리사이틀: Avenue Jean Jaures,2024.07.17,2024.07.17,예술의전당 [서울],http://www.kopis.or.kr/upload/pfmPoster/PF_PF240801_240510_102740.gif,서양음악(클래식),N,공연예정
PF240797,빨래 [대학로],2024.06.07,2024.12.29,유니플렉스,http://www.kopis.or.kr/upload/pfmPoster/PF_PF240797_240510_101623.gif,뮤지컬,N,공연중
PF240789,이블데드,2024.06.20,2024.09.01,유니플렉스,http://www.kopis.or.kr/upload/pfmPoster/PF_PF240789_240510_095856.gif,뮤지컬,N,공연중
PF240716,메노포즈,2024.06.13,2024.08.25,한전아트센터,http://www.kopis.or.kr/upload/pfmPoster/PF_PF240716_240509_100403.gif,뮤지컬,N,공연중
PF240597,클럽 드바이,2024.06.11,2024.09.01,예스24 스테이지(구. DCF대명문화공장),http://www.kopis.or.kr/upload/pfmPoster/PF_PF240597_240507_152605.gif,뮤지컬,N,공연중
PF240567,새벽의 입구에서,2024.06.06,2024.09.01,서경대학교 공연예술센터,http://www.kopis.or.kr/upload/pfmPoster/PF_PF240567_240507_140637.jpg,뮤지컬,N,공연중
PF240510,일리아드,2024.06.18,2024.09.08,예스24아트원(구.대학로아트원씨어터),http://www.kopis.or.kr/upload/pfmPoster/PF_PF240510_240507_105816.jpg,연극,N,공연중
PF240388,에밀 [대학로],2024.06.11,2024.09.01,예스24 스테이지(구. DCF대명문화공장),http://www.kopis.or.kr/upload/pfmPoster/PF_PF240388_240503_093714.jpg,뮤지컬,N,공연중
PF240332,빵야,2024.06.18,2024.09.08,예스24아트원(구.대학로아트원씨어터),http://www.kopis.or.kr/upload/pfmPoster/PF_PF240332_240502_134212.jpg,연극,N,공연중
PF240327,"꽃, 별이 지나",2024.06.08,2024.08.18,서경대학교 공연예술센터,http://www.kopis.or.kr/upload/pfmPoster/PF_PF240327_240502_132914.gif,연극,N,공연중
PF240203,"두들팝 VER.3, 하이팝",2024.07.13,2024.09.01,신한카드 SOL페이 스퀘어(구.신한pLay 스퀘어),http://www.kopis.or.kr/upload/pfmPoster/PF_PF240203_240430_093401.gif,뮤지컬,N,공연중
PF240069,수박수영장 [서울],2024.07.06,2024.08.25,국립중앙박물관 극장 용,http://www.kopis.or.kr/upload/pfmPoster/PF_PF240069_240426_154440.gif,뮤지컬,N,공연중
PF240002,프랑켄슈타인,2024.06.05,2024.08.25,블루스퀘어,http://www.kopis.or.kr/upload/pfmPoster/PF_PF240002_240426_094626.gif,뮤지컬,N,공연중
PF239896,미오 프라텔로 [대학로],2024.05.21,2024.08.11,링크아트센터,http://www.kopis.or.kr/upload/pfmPoster/PF_PF239896_240424_144607.gif,뮤지컬,N,공연중
PF239885,햄릿,2024.06.09,2024.09.01,홍익대 대학로 아트센터,http://www.kopis.or.kr/upload/pfmPoster/PF_PF239885_240424_141110.gif,연극,N,공연중
PF239850,크리미널 시즌4 [대학로],2024.04.24,2024.09.01,봄날아트홀(구. 아리랑소극장),http://www.kopis.or.kr/upload/pfmPoster/PF_PF239850_240424_122150.png,연극,Y,공연중
PF239780,"이머시브 뮤지컬, 작은 세계",2024.05.25,2024.07.24,두잇아카펠라 Abar,http://www.kopis.or.kr/upload/pfmPoster/PF_PF239780_240423_112643.gif,뮤지컬,N,공연중
PF239751,진짜나쁜소녀,2024.05.08,2024.07.31,JTN 아트홀(구. 대학로예술마당),http://www.kopis.or.kr/upload/pfmPoster/PF_PF239751_240423_101356.gif,뮤지컬,Y,공연중
PF239674,연남동 빙굴빙굴 빨래방,2024.06.01,2024.08.31,후암씨어터(콘텐츠룸),http://www.kopis.or.kr/upload/pfmPoster/PF_PF239674_240422_135655.gif,뮤지컬,Y,공연중
PF239645,조각: 사라진 기억,2024.04.22,2024.08.31,댕로홀,http://www.kopis.or.kr/upload/pfmPoster/PF_PF239645_240422_124740.gif,연극,Y,공연중
PF239635,2호선 세입자 [대학로],2024.04.22,2024.07.31,바탕골소극장,http://www.kopis.or.kr/upload/pfmPoster/PF_PF239635_240422_115326.gif,연극,Y,공연중
PF239631,5! 해피맨 [대학로],2024.05.17,2024.07.27,굿씨어터,http://www.kopis.or.kr/upload/pfmPoster/PF_PF239631_240507_151318.jpg,뮤지컬,Y,공연중
PF239432,맥주 한잔 하실래요? 시즌4,2024.04.26,2024.07.31,더더더,http://www.kopis.or.kr/upload/pfmPoster/PF_PF239432_240509_111325.jpg,연극,N,공연중
PF239377,비누향기,2024.05.01,2024.08.31,서연아트홀(구. 인아소극장),http://www.kopis.or.kr/upload/pfmPoster/PF_PF239377_240417_111827.jpg,연극,Y,공연중
PF239344,미스터 래빗 [서울],2024.05.04,2024.08.18,롯데월드,http://www.kopis.or.kr/upload/pfmPoster/PF_PF239344_240417_095135.png,뮤지컬,N,공연중
PF239136,스즈메의 문단속 & 너의 이름은 & 날씨의 아이 필름콘서트,2024.06.28,2024.07.21,연세대학교 백주년기념관,http://www.kopis.or.kr/upload/pfmPoster/PF_PF239136_240415_100828.jpg,서양음악(클래식),N,공연중
PF239123,시카고 [서울],2024.06.07,2024.09.29,디큐브링크아트센터,http://www.kopis.or.kr/upload/pfmPoster/PF_PF239123_240412_145134.jpg,뮤지컬,N,공연중
PF239087,정글북 [서울 송파],2024.07.16,2024.08.25,올림픽공원,http://www.kopis.or.kr/upload/pfmPoster/PF_PF239087_240412_132021.jpg,뮤지컬,N,공연중
PF238876,무인도 탈출기,2024.05.12,2024.07.21,링크아트센터드림,http://www.kopis.or.kr/upload/pfmPoster/PF_PF238876_240409_093914.jpg,뮤지컬,N,공연중
PF238860,괴담: 위험한 해시태그 [대학로],2024.04.26,2024.07.31,우리소극장 [대학로],http://www.kopis.or.kr/upload/pfmPoster/PF_PF238860_240408_173555.gif,연극,N,공연중
PF238631,내일은 내일에게 [대학로],2024.03.22,2024.09.01,초록씨어터,http://www.kopis.or.kr/upload/pfmPoster/PF_PF238631_240403_172203.gif,연극,Y,공연중
PF238541,"15주년 기념공연, 영웅",2024.05.29,2024.08.11,세종문화회관,http://www.kopis.or.kr/upload/pfmPoster/PF_PF238541_240403_095518.gif,뮤지컬,N,공연중
PF238514,베어 더 뮤지컬,2024.05.22,2024.08.25,두산아트센터,http://www.kopis.or.kr/upload/pfmPoster/PF_PF238514_240402_114030.gif,뮤지컬,N,공연중
PF238513,케이킥 태권쇼,2024.04.08,2025.04.30,명보아트홀,http://www.kopis.or.kr/upload/pfmPoster/PF_PF238513_240402_113514.gif,복합,Y,공연중
PF238280,6시 퇴근 [대학로],2024.05.17,2024.08.11,SH아트홀,http://www.kopis.or.kr/upload/pfmPoster/PF_PF238280_240328_140834.gif,뮤지컬,N,공연중
PF238272,두잇아카펠라 금토공연,2024.04.05,2024.07.26,두잇아카펠라 Abar,http://www.kopis.or.kr/upload/pfmPoster/PF_PF238272_240328_134731.jpg,대중음악,Y,공연중
PF237983,옹알스 [대학로],2024.05.01,2024.08.31,세우아트센터,http://www.kopis.or.kr/upload/pfmPoster/PF_PF237983_240325_123904.gif,뮤지컬,Y,공연중
PF237783,남산골 한옥콘서트: 우주,2024.04.04,2024.10.04,남산골한옥마을,http://www.kopis.or.kr/upload/pfmPoster/PF_PF237783_240320_125543.gif,한국음악(국악),N,공연중
PF237488,책 속에 갇힌 고양이,2024.03.30,2024.08.31,명륜아트홀,http://www.kopis.or.kr/upload/pfmPoster/PF_PF237488_240315_140610.jpg,뮤지컬,Y,공연중
PF237479,페인터즈 [경향아트힐],2024.03.25,2024.08.31,경향아트힐,http://www.kopis.or.kr/upload/pfmPoster/PF_PF237479_240315_133619.jpg,뮤지컬,Y,공연중
PF237285,드립소년단,2024.04.04,2024.08.08,한성아트홀(구. 인켈아트홀),http://www.kopis.or.kr/upload/pfmPoster/PF_PF237285_240401_125621.gif,연극,Y,공연중
PF237166,더블플롯: 검은손님 & 돗가비사냥,2024.03.12,2024.07.21,VERY(베리컴퍼니),http://www.kopis.or.kr/upload/pfmPoster/PF_PF237166_240610_154451.gif,연극,N,공연중
PF236863,달 샤베트 [서울숲],2024.04.13,2024.08.28,더 서울라이티움 (갤러리아포레),http://www.kopis.or.kr/upload/pfmPoster/PF_PF236863_240307_112809.gif,뮤지컬,N,공연중
PF236674,썸데이 [대학로],2024.03.16,2024.08.31,대학로 무하아트센터,http://www.kopis.or.kr/upload/pfmPoster/PF_PF236674_240305_110135.jpg,뮤지컬,Y,공연중
PF236545,뱀프 X 헌터: 울부짖어라! 피닉스 포포!!,2024.04.12,2024.07.31,JS아트홀 (구. 고스트씨어터 구.다소니씨어터),http://www.kopis.or.kr/upload/pfmPoster/PF_PF236545_240304_141647.gif,뮤지컬,Y,공연중
PF236535,핑크퐁과 아기상어의 무지개 구출 작전,2024.05.01,2024.08.25,올림픽공원,http://www.kopis.or.kr/upload/pfmPoster/PF_PF236535_240304_135417.gif,뮤지컬,N,공연중
PF236414,불편한 편의점 [대학로],2024.04.01,2024.08.31,올웨이즈 씨어터(구.아티스탄홀),http://www.kopis.or.kr/upload/pfmPoster/PF_PF236414_240327_133238.jpg,연극,Y,공연중
PF236349,난타 [홍대],2024.04.01,2024.09.29,홍대난타극장(구. 뮤직쇼웨딩 전용관),http://www.kopis.or.kr/upload/pfmPoster/PF_PF236349_240228_140949.jpeg,뮤지컬,Y,공연중
PF236210,아기돼지삼형제: 늑대숲 또옹돼지 원정대,2024.03.23,2024.07.28,제나아트홀 (구. 룸씨어터),http://www.kopis.or.kr/upload/pfmPoster/PF_PF236210_240326_093508.gif,뮤지컬,Y,공연중
PF236138,소년 이순신: 잃어버린 거북선 설계도를 찾아라!,2024.06.01,2024.09.01,경복궁아트홀,http://www.kopis.or.kr/upload/pfmPoster/PF_PF236138_240702_092634.jpg,뮤지컬,N,공연중
PF235885,사내연애 보고서,2024.03.15,2024.07.31,제나아트홀 (구. 룸씨어터),http://www.kopis.or.kr/upload/pfmPoster/PF_PF235885_240221_111208.gif,연극,Y,공연중
PF235879,피노키오야 노올자~!,2024.03.23,2024.08.31,서연아트홀(구. 인아소극장),http://www.kopis.or.kr/upload/pfmPoster/PF_PF235879_240221_105721.gif,뮤지컬,Y,공연중
PF235750,죽어야 사는 남자 [대학로],2024.03.08,2024.08.31,업스테이지(UP Stage),http://www.kopis.or.kr/upload/pfmPoster/PF_PF235750_240219_144237.jpg,연극,Y,공연중
PF235487,킬러가온다,2024.03.08,2024.09.08,아트포레스트 아트홀,http://www.kopis.or.kr/upload/pfmPoster/PF_PF235487_240509_142124.gif,연극,N,공연중
PF235432,"정오의 사랑방 음악회, 정동다음",2024.04.02,2024.12.03,국립정동극장,http://www.kopis.or.kr/upload/pfmPoster/PF_PF235432_240312_143543.gif,한국음악(국악),N,공연중
PF235404,토요국악동화,2024.03.02,2024.12.28,국립국악원,http://www.kopis.or.kr/upload/pfmPoster/PF_PF235404_240214_102638.jpg,한국음악(국악),N,공연중
PF235344,오백에 삼십 [JTN 아트홀],2024.02.24,2024.08.31,JTN 아트홀(구. 대학로예술마당),http://www.kopis.or.kr/upload/pfmPoster/PF_PF235344_240213_141816.jpg,연극,Y,공연중
PF235101,다담 茶談,2024.02.28,2024.11.27,국립국악원,http://www.kopis.or.kr/upload/pfmPoster/PF_PF235101_240207_103227.jpg,한국음악(국악),N,공연중
PF234739,"더 맨 얼라이브, 초이스",2024.03.22,2024.09.29,더 서울라이티움 (갤러리아포레),http://www.kopis.or.kr/upload/pfmPoster/PF_PF234739_240426_133221.gif,뮤지컬,N,공연중
PF234521,사춘기메들리 [대학로],2024.02.01,2024.07.31,아라아트홀,http://www.kopis.or.kr/upload/pfmPoster/PF_PF234521_240126_100644.gif,연극,Y,공연중
PF234318,딜리버리 [대학로],2024.02.03,2024.07.31,아라아트홀,http://www.kopis.or.kr/upload/pfmPoster/PF_PF234318_240122_140900.jpg,연극,Y,공연중
PF234123,나의PS파트너,2024.02.03,2024.07.31,마루아트홀,http://www.kopis.or.kr/upload/pfmPoster/PF_PF234123_240125_112011.gif,연극,Y,공연중
PF233263,인사이드 미,2024.01.03,2024.07.28,JTN 아트홀(구. 대학로예술마당),http://www.kopis.or.kr/upload/pfmPoster/PF_PF233263_240102_124103.jpg,뮤지컬,Y,공연중
PF233082,ABBA: 아바,2024.02.01,2024.08.31,광야아트센터,http://www.kopis.or.kr/upload/pfmPoster/PF_PF233082_231226_135000.png,뮤지컬,N,공연중
PF232643,"삼청각 수요상설공연, 三淸: 삼청",2024.02.14,2024.12.25,삼청각,http://www.kopis.or.kr/upload/pfmPoster/PF_PF232643_231218_104512.gif,한국음악(국악),N,공연중
PF232476,토요명품,2024.01.06,2024.12.28,국립국악원,http://www.kopis.or.kr/upload/pfmPoster/PF_PF232476_231214_092554.jpg,한국음악(국악),N,공연중
PF231450,반짝반짝 백설공주,2023.12.24,2024.07.28,달밤엔씨어터,http://www.kopis.or.kr/upload/pfmPoster/PF_PF231450_240429_105253.jpg,뮤지컬,Y,공연중
PF231084,망원동 브라더스 [대학로],2024.01.05,2024.07.31,유니플렉스,http://www.kopis.or.kr/upload/pfmPoster/PF_PF231084_240709_113452.gif,연극,Y,공연중
PF231023,재즈소사이어티서울 재즈공연,2023.06.07,2025.01.31,재즈소사이어티 서울(서울브루어리 성수 5층),http://www.kopis.or.kr/upload/pfmPoster/PF_PF231023_231127_180308.png,대중음악,Y,공연중
PF230982,오렌지 스카이 [대학로],2023.12.21,2024.07.28,달밤엔씨어터,http://www.kopis.or.kr/upload/pfmPoster/PF_PF230982_231127_162516.jpg,연극,Y,공연중
PF229985,천로역정,2023.12.09,2024.08.31,명륜아트홀,http://www.kopis.or.kr/upload/pfmPoster/PF_PF229985_240429_095219.gif,뮤지컬,Y,공연중
PF228793,사랑에 빠지기까지 D-100,2023.11.17,2024.08.31,"아루또소극장(구. 소담소극장, 구. 코메디컬센터)",http://www.kopis.or.kr/upload/pfmPoster/PF_PF228793_240617_101257.gif,연극,Y,공연중
PF226333,언제는 행복하지 않은 순간이 있었나요 (언행순) [서울],2023.09.02,2024.08.15,엠스테이지(구.인사아트홀),http://www.kopis.or.kr/upload/pfmPoster/PF_PF226333_230920_161919.jpeg,뮤지컬,Y,공연중
PF224650,그곳에 있었다 [대학로],2023.09.01,2024.08.31,댕로홀,http://www.kopis.or.kr/upload/pfmPoster/PF_PF224650_230828_103040.jpg,연극,Y,공연중
PF224137,매직 사이언스 콘서트 [대학로],2023.04.30,2024.07.28,한예극장,http://www.kopis.or.kr/upload/pfmPoster/PF_PF224137_230818_105814.png,서커스/마술,Y,공연중
PF223694,미래상상마술쇼 [대학로],2023.08.19,2024.08.11,파랑새극장(구. 샘터파랑새극장),http://www.kopis.or.kr/upload/pfmPoster/PF_PF223694_230811_150439.jpg,서커스/마술,Y,공연중
PF222985,셰프 [서울],2023.08.01,2024.07.30,명보아트홀,http://www.kopis.or.kr/upload/pfmPoster/PF_PF222985_230731_110538.gif,뮤지컬,Y,공연중
PF220666,수상한 흥신소 [소극장 선물],2023.01.05,2024.08.25,소극장 선물 1관,http://www.kopis.or.kr/upload/pfmPoster/PF_PF220666_230622_112849.gif,연극,Y,공연중
PF220426,죽여주는 이야기,2023.07.01,2024.10.31,지인시어터(구. 알과핵소극장),http://www.kopis.or.kr/upload/pfmPoster/PF_PF220426_240514_093156.gif,연극,Y,공연중
PF219578,크리미널 시즌5 [대학로],2023.06.14,2024.08.31,봄날아트홀(구. 아리랑소극장),http://www.kopis.or.kr/upload/pfmPoster/PF_PF219578_230602_151657.jpg,연극,Y,공연중
PF218049,최신혁의 IMAGINE,2020.06.27,2024.08.31,문엔트리,http://www.kopis.or.kr/upload/pfmPoster/PF_PF218049_230508_154736.jpg,서커스/마술,Y,공연중
PF217305,매직쇼 블루문,2023.05.20,2024.08.17,문엔트리,http://www.kopis.or.kr/upload/pfmPoster/PF_PF217305_230424_133657.png,서커스/마술,N,공연중
PF216819,"이머시브씨어터, 카지노",2023.04.28,2024.07.31,대학로스타시티,http://www.kopis.or.kr/upload/pfmPoster/PF_PF216819_230415_031912.gif,연극,Y,공연중
PF216782,Piano Trio Concert,2023.05.06,2024.08.31,entry55,http://www.kopis.or.kr/upload/pfmPoster/PF_PF216782_240411_103837.png,대중음악,Y,공연중
PF216355,오마이갓 [전용관],2023.04.10,2024.08.31,오마이갓 전용관,http://www.kopis.or.kr/upload/pfmPoster/PF_PF216355_230406_143822.gif,연극,Y,공연중
PF215020,핫식스,2023.04.01,2024.08.31,도토리씨어터,http://www.kopis.or.kr/upload/pfmPoster/PF_PF215020_230315_130848.gif,연극,Y,공연중
PF214941,너의 목소리가 들려,2023.04.02,2024.08.31,도토리씨어터,http://www.kopis.or.kr/upload/pfmPoster/PF_PF214941_230314_111145.gif,연극,Y,공연중
PF214630,영재한음 (국악)회,2023.01.29,2024.12.29,남산골한옥마을,http://www.kopis.or.kr/upload/pfmPoster/PF_PF214630_230308_183127.PNG,한국음악(국악),N,공연중
PF209512,Special GIG,2023.01.28,2024.10.26,entry55,http://www.kopis.or.kr/upload/pfmPoster/PF_PF209512_230109_141958.jpg,대중음악,Y,공연중
PF201691,김종욱 찾기,2022.11.18,2024.08.31,브릭스씨어터 (구. 콘텐츠 그라운드 구. 브로드웨이아트홀 [3관]),http://www.kopis.or.kr/upload/pfmPoster/PF_PF201691_221108_133510.gif,뮤지컬,Y,공연중
PF199614,The entry to JAZZ,2022.10.07,2024.08.31,entry55,http://www.kopis.or.kr/upload/pfmPoster/PF_PF199614_221007_140615.png,대중음악,Y,공연중
PF195636,런던 레코드,2022.08.17,2024.07.31,엠스테이지(구.인사아트홀),http://www.kopis.or.kr/upload/pfmPoster/PF_PF195636_220803_095831.jpg,뮤지컬,Y,공연중
PF194359,마술 그리스신화 [송파],2022.07.06,2024.07.27,송파브이아트홀,http://www.kopis.or.kr/upload/pfmPoster/PF_PF194359_220711_114119.jpg,서커스/마술,Y,공연중
PF190780,로멘틱 홀리데이 매직쇼,2022.05.02,2024.12.31,문엔트리,http://www.kopis.or.kr/upload/pfmPoster/PF_PF190780_220510_102409.jpg,서커스/마술,Y,공연중
PF188943,써니텐,2022.05.05,2024.07.31,하마씨어터(구. 가든씨어터),http://www.kopis.or.kr/upload/pfmPoster/PF_PF188943_220404_124309.gif,뮤지컬,Y,공연중
PF186819,늘근도둑이야기,2022.03.05,2024.08.31,아트포레스트 아트홀,http://www.kopis.or.kr/upload/pfmPoster/PF_PF186819_220216_102054.gif,연극,Y,공연중
PF186491,VIP 매직쇼,2022.01.28,2024.12.28,문엔트리,http://www.kopis.or.kr/upload/pfmPoster/PF_PF186491_220207_140515.png,서커스/마술,Y,공연중
PF186310,스위치 [아스가르드 씨어터],2022.02.11,2024.08.31,아스가르드 씨어터(구. 낙산씨어터),http://www.kopis.or.kr/upload/pfmPoster/PF_PF186310_220203_105210.gif,연극,Y,공연중
PF185428,행오버,2022.01.21,2024.07.31,"정극장 (구. M시어터, 구.하모니아트홀)",http://www.kopis.or.kr/upload/pfmPoster/PF_PF185428_240130_171315.gif,연극,Y,공연중
PF185308,두들팝 [서울],2022.01.22,2024.08.31,신한카드 SOL페이 스퀘어(구.신한pLay 스퀘어),http://www.kopis.or.kr/upload/pfmPoster/PF_PF185308_240226_095326.gif,뮤지컬,Y,공연중
PF183513,스크루테이프의 편지,2022.01.01,2024.08.31,북촌나래홀,http://www.kopis.or.kr/upload/pfmPoster/PF_PF183513_211122_133407.gif,뮤지컬,Y,공연중
PF178635,장수탕 선녀님 [서울숲],2021.09.16,2024.08.04,더 서울라이티움 (갤러리아포레),http://www.kopis.or.kr/upload/pfmPoster/PF_PF178635_210820_102721.gif,뮤지컬,Y,공연중
PF178134,반짝반짝 인어공주,2021.08.21,2024.07.28,달밤엔씨어터,http://www.kopis.or.kr/upload/pfmPoster/PF_PF178134_210809_125033.PNG,뮤지컬,Y,공연중
PF173894,프리즌 [H씨어터],2021.05.01,2024.07.31,에이치씨어터,http://www.kopis.or.kr/upload/pfmPoster/PF_PF173894_240522_105343.gif,뮤지컬,Y,공연중
PF173180,운빨로맨스 [컬쳐씨어터],2021.05.01,2024.07.31,컬쳐씨어터(구. 휴먼시어터),http://www.kopis.or.kr/upload/pfmPoster/PF_PF173180_240510_093731.jpg,연극,Y,공연중
PF172538,한뼘사이 [라온아트홀],2021.03.19,2024.08.31,라온아트홀,http://www.kopis.or.kr/upload/pfmPoster/PF_PF172538_210318_095642.jpg,연극,Y,공연중
PF170941,연극라면,2021.01.14,2024.08.31,해피씨어터,http://www.kopis.or.kr/upload/pfmPoster/PF_PF170941_210106_102633.gif,연극,Y,공연중
PF161298,자취,2020.02.28,2024.07.31,댕로홀,http://www.kopis.or.kr/upload/pfmPoster/PF_PF161298_200911_090916.gif,연극,Y,공연중
PF160126,끝까지 간다,2019.12.24,2024.07.28,북극곰소극장(구.아뮤스소극장),http://www.kopis.or.kr/upload/pfmPoster/PF_PF160126_220419_101543.gif,연극,Y,공연중
PF159714,세례요한,2019.12.21,2024.08.31,북촌나래홀,http://www.kopis.or.kr/upload/pfmPoster/PF_PF159714_191216_125554.jpg,뮤지컬,Y,공연중
PF152141,북극곰 예술여행,2019.07.20,2024.07.28,북극곰소극장(구.아뮤스소극장),http://www.kopis.or.kr/upload/pfmPoster/PF_PF152141_190724_140737.jpg,연극,Y,공연중
PF151901,요리하는 마술사 [대학로],2019.06.29,2024.09.01,맛있는 극장,http://www.kopis.or.kr/upload/pfmPoster/PF_PF151901_190719_134111.gif,서커스/마술,Y,공연중
PF150502,1미터 마술공연 [강남],2018.12.15,2024.07.27,매지클,http://www.kopis.or.kr/upload/pfmPoster/PF_PF150502_190701_174122.gif,서커스/마술,Y,공연중
PF145801,반짝반짝 라푼젤,2018.08.01,2024.07.27,달밤엔씨어터,http://www.kopis.or.kr/upload/pfmPoster/PF_PF145801_181213_104716.jpg,뮤지컬,Y,공연중
PF144982,택시안에서 [서울],2018.10.12,2024.07.31,해바라기소극장(구. 훈아트홀),http://www.kopis.or.kr/upload/pfmPoster/PF_PF144982_181017_114924.jpg,연극,Y,공연중
PF175093,뷰티풀라이프,2021.02.06,2024.07.31,JTN 아트홀(구. 대학로예술마당),http://www.kopis.or.kr/upload/pfmPoster/PF_PF175093_220610_132226.jpg,연극,Y,공연중
PF138268,시간을 파는 상점,2017.07.01,2024.09.01,"파랑씨어터 (구. 도향아트홀, 구. 뮤디스홀)",http://www.kopis.or.kr/upload/pfmPoster/PF_PF138268_200102_102145.gif,연극,Y,공연중
PF121682,옥탑방 고양이 [대학로],2010.04.06,2024.07.31,틴틴홀,http://www.kopis.or.kr/upload/pfmPoster/PF_PF121682_210322_143051.gif,연극,Y,공연중
